Running with mobile env
  app variant: qa
  release env: local
  base env: /Users/mjreinig/projects/Gabriel_App/worktrees/quiet-room-mobile-qr-mob-021-voice-playback-diagnostics/.env
  overlay env: /Users/mjreinig/projects/Gabriel_App/worktrees/quiet-room-mobile-qr-mob-021-voice-playback-diagnostics/.env.local.qa
  android signing env: /Users/mjreinig/projects/Gabriel_App/worktrees/quiet-room-mobile-qr-mob-021-voice-playback-diagnostics/.env.android.signing

Unexpected devicectl JSON version output from devicectl. Connecting to physical Apple devices may not work as expected.
› Using --device AFEA1094-63CF-492D-850C-902D1D9AF18B
› Auto signing app using team(s): SV7SPMY2Q8
› Planning build
    Run script build phase '[CP-User] [Hermes] Replace Hermes for the right configuration, if needed' will be run during every build because it does not specify any outputs. To address this issue, either add output dependencies to the script phase, or configure it to run in every build by unchecking "Based on dependency analysis" in the script phase. (in target 'hermes-engine' from project 'Pods')
› Executing react-native Pods/hermes-engine » [CP-User] [Hermes] Replace Hermes for the right configuration, if needed
› Preparing Pods/RCT-Folly-RCT-Folly_privacy » ResourceBundle-RCT-Folly_privacy-RCT-Folly-Info.plist
› Preparing Pods/boost-boost_privacy » ResourceBundle-boost_privacy-boost-Info.plist
› Preparing Pods/glog-glog_privacy » ResourceBundle-glog_privacy-glog-Info.plist
› Preparing Pods/React-Core-React-Core_privacy » ResourceBundle-React-Core_privacy-React-Core-Info.plist
› Preparing Pods/React-cxxreact-React-cxxreact_privacy » ResourceBundle-React-cxxreact_privacy-React-cxxreact-Info.plist
› Executing react-native Pods/React-RCTFBReactNativeSpec » [CP-User] [RN]Check FBReactNativeSpec
› Preparing Pods/EXApplication-ExpoApplication_privacy » ResourceBundle-ExpoApplication_privacy-EXApplication-Info.plist
› Preparing expo-constants Pods/EXConstants-EXConstants » ResourceBundle-EXConstants-EXConstants-Info.plist
› Preparing Pods/EXConstants-ExpoConstants_privacy » ResourceBundle-ExpoConstants_privacy-EXConstants-Info.plist
› Executing expo-constants Pods/EXConstants » [CP-User] Generate app.config for prebuilt Constants.manifest
› Preparing Pods/AppAuth-AppAuthCore_Privacy » ResourceBundle-AppAuthCore_Privacy-AppAuth-Info.plist
› Preparing Pods/GTMAppAuth-GTMAppAuth_Privacy » ResourceBundle-GTMAppAuth_Privacy-GTMAppAuth-Info.plist
› Preparing Pods/GTMSessionFetcher-GTMSessionFetcher_Core_Privacy » ResourceBundle-GTMSessionFetcher_Core_Privacy-GTMSessionFetcher-Info.plist
› Preparing Pods/GoogleUtilities-GoogleUtilities_Privacy » ResourceBundle-GoogleUtilities_Privacy-GoogleUtilities-Info.plist
› Preparing Pods/PromisesObjC-FBLPromises_Privacy » ResourceBundle-FBLPromises_Privacy-PromisesObjC-Info.plist
› Preparing @react-native-google-signin/google-signin Pods/GoogleSignIn-GoogleSignIn » ResourceBundle-GoogleSignIn-GoogleSignIn-Info.plist
› Preparing Pods/ExpoFileSystem-ExpoFileSystem_privacy » ResourceBundle-ExpoFileSystem_privacy-ExpoFileSystem-Info.plist
› Preparing Pods/RNCAsyncStorage-RNCAsyncStorage_resources » ResourceBundle-RNCAsyncStorage_resources-RNCAsyncStorage-Info.plist
› Executing QuietRoomQA » [Expo] Configure project
› Executing QuietRoomQA » Bundle React Native code and images
› Executing QuietRoomQA » [CP] Copy Pods Resources
› Preparing QuietRoomQA » Info.plist
› Signing   QuietRoomQA » QuietRoomQA.debug.dylib
› Signing   QuietRoomQA » __preview.dylib
› Signing   QuietRoomQA » QuietRoomQA.app
› Build Succeeded

› 0 error(s), and 1 warning(s)

Starting Metro Bundler
Waiting on http://localhost:8081
› Installing /Users/mjreinig/Library/Developer/Xcode/DerivedData/QuietRoomQA-hhgscavqnefnrogzohnxdqwxcgrp/Build/Products/Debug-iphonesimulator/QuietRoomQA.app
› Installing on iPhone 17 Pro
Recrawled this watch 1 time, most recently because:
MustScanSubDirs UserDroppedTo resolve, please review the information on
https://facebook.github.io/watchman/docs/troubleshooting.html#recrawl
To clear this warning, run:
`watchman watch-del '/Users/mjreinig/projects/Gabriel_App/worktrees/quiet-room-mobile-qr-mob-021-voice-playback-diagnostics' ; watchman watch-project '/Users/mjreinig/projects/Gabriel_App/worktrees/quiet-room-mobile-qr-mob-021-voice-playback-diagnostics'`

› Opening on iPhone 17 Pro (com.quietroom.mobile.qa)
› Opening com.googleusercontent.apps.767113712839-l6vjc4ggudsrcuen1rlf3247r2flp7ac://expo-development-client/?url=http%3A%2F%2F192.168.40.72%3A8081 on iPhone 17 Pro

› Logs for your project will appear below.
[QuietRoomQA.debug.dylib] _setUpFeatureFlags called with release level 2
iOS ./index.ts ░░░░░░░░░░░░░░░░  0.0% (0/1)
[CoreFoundation] AddInstanceForFactory: No factory registered for id <CFUUID
0x103b645c0> F8BB1C28-BAE8-11D6-9C31-00039315CD46
| (node:36748) Warning: The 'NO_COLOR' env is ignored due to the 'FORCE_COLOR' env being set.
| (Use `node --trace-warnings ...` to show where the warning was created)
| (node:36747) Warning: The 'NO_COLOR' env is ignored due to the 'FORCE_COLOR' env being set.
| (Use `node --trace-warnings ...` to show where the warning was created)
iOS Bundled 616ms index.ts (903 modules)
 WARN  [expo-av]: Expo AV has been deprecated and will be removed in SDK 54. Use the `expo-audio` and `expo-video` packages to replace the required functionality.
 WARN  The app is running using the Legacy Architecture. The Legacy Architecture is deprecated and will be removed in a future version of React Native. Please consider migrating to the New Architecture. For more information, please see https://reactnative.dev/blog/2024/10/23/the-new-architecture-is-here
 INFO  [voice-playback-diagnostics] {"attemptId":"expo-av-live-get-1780690245162-z3q4b8","apiBase":"http://127.0.0.1:5002","authUid":"voice-diag-1780690185138","engine":"expo-av-live-get","messageIndex":1,"phase":"auth","playbackMode":"diagnostic-env-token","tokenAlgorithm":"none","tokenAudience":"gabriel-qa-89f20","tokenHasKid":false,"tokenIssuer":"https://securetoken.google.com/gabriel-qa-89f20","tokenProvider":"password","tokenSource":"diagnostic-env-token","tokenSubject":"voice-diag-1780690185138","timestamp":"2026-06-05T20:10:45.163Z"}
 INFO  [voice-playback-diagnostics] {"attemptId":"expo-av-live-get-1780690245162-z3q4b8","apiBase":"http://127.0.0.1:5002","authUid":"voice-diag-1780690185138","engine":"expo-av-live-get","httpStatus":200,"messageIndex":1,"phase":"fetch","playbackMode":"conversation-get/messages-2/index-role-assistant","tokenAudience":"gabriel-qa-89f20","tokenAlgorithm":"none","tokenHasKid":false,"tokenIssuer":"https://securetoken.google.com/gabriel-qa-89f20","tokenProvider":"password","tokenSource":"diagnostic-env-token","tokenSubject":"voice-diag-1780690185138","timestamp":"2026-06-05T20:10:45.217Z"}
 INFO  [voice-playback-diagnostics] {"attemptId":"expo-av-live-get-1780690245222-6ba5wu","engine":"expo-av-live-get","messageIndex":1,"phase":"create","playbackMode":"live-get/run-1","timestamp":"2026-06-05T20:10:45.222Z"}
 INFO  [voice-playback-diagnostics] {"attemptId":"expo-av-live-get-1780690245222-6ba5wu","engine":"expo-av-live-get","httpStatus":200,"messageIndex":1,"phase":"fetch","playbackMode":"probe-get/run-1/audio/mpeg","timestamp":"2026-06-05T20:10:57.669Z"}
[CoreMedia] <<< timebase >>> signalled err=-12753 at <>:3981
[MediaToolbox] <<<< FigStreamPlayer >>>> signalled err=-12860 at <>:29920
[CoreMedia] <<< timebase >>> signalled err=-12753 at <>:3981
[MediaToolbox] <<<< ICY PUMP >>>> signalled err=-12640 at <>:1512
[MediaToolbox] <<<< ICY PUMP >>>> signalled err=-12640 at <>:1512
[MediaToolbox] <<<< ICY PUMP >>>> signalled err=-12640 at <>:1512
[MediaToolbox] <<<< ICY PUMP >>>> signalled err=-12640 at <>:1512
[MediaToolbox] <<<< ICY PUMP >>>> signalled err=-12640 at <>:1512
[MediaToolbox] <<<< ICY PUMP >>>> signalled err=-12640 at <>:1512
[MediaToolbox] <<<< ICY PUMP >>>> signalled err=-12640 at <>:1512
[MediaToolbox] <<HLS-FASB>> signalled err=-15514 at <>:1053
[MediaToolbox] <<<< FigStreamPlayer >>>> signalled err=-12783 at <>:63418
[MediaToolbox] <<<< FigStreamPlayer >>>> signalled err=-12783 at <>:63418
[CoreMedia] <<< timebase >>> signalled err=-12753 at <>:3981
[MediaToolbox] <<<< FigStreamPlayer >>>> signalled err=-12783 at <>:63418
[AudioToolbox]        LoudnessManager.mm:1755  ReadPListFile: unable to open
stream for LoudnessManager plist
[AudioToolbox]        LoudnessManager.mm:1261  GetHardwarePlatformKey: cannot
get acoustic ID
[AudioToolbox]        LoudnessManager.mm:1215  IsHardwareSupported: no plist
loaded, returning false
[AudioToolbox]        LoudnessManager.mm:1215  IsHardwareSupported: no plist
loaded, returning false
[AudioToolbox]        LoudnessManager.mm:1215  IsHardwareSupported: no plist
loaded, returning false
[MediaToolbox] <<HLS-FASB>> signalled err=-15514 at <>:1042
[MediaToolbox] metricevent_subscriber signalled err=-19772 at <>:364
[AudioToolbox]        LoudnessManager.mm:1215  IsHardwareSupported: no plist
loaded, returning false
[AudioToolbox]        LoudnessManager.mm:1215  IsHardwareSupported: no plist
loaded, returning false
[AudioToolbox]        LoudnessManager.mm:1215  IsHardwareSupported: no plist
loaded, returning false
[MediaToolbox] <<HLS-FASB>> signalled err=-15514 at <>:1042
[MediaToolbox] <<HLS-FASB>> signalled err=-15514 at <>:1042
 INFO  [voice-playback-diagnostics] {"attemptId":"expo-av-live-get-1780690245222-6ba5wu","didJustFinish":false,"engine":"expo-av-live-get","isBuffering":true,"isLoaded":true,"messageIndex":1,"phase":"status","playbackMode":"live-get/run-1","positionMillis":0,"timestamp":"2026-06-05T20:11:00.165Z"}
 INFO  [voice-playback-diagnostics] {"attemptId":"expo-av-live-get-1780690245222-6ba5wu","engine":"expo-av-live-get","messageIndex":1,"phase":"play","playbackMode":"live-get/run-1","timestamp":"2026-06-05T20:11:00.170Z"}
 INFO  [voice-playback-diagnostics] {"attemptId":"expo-av-live-get-1780690245222-6ba5wu","didJustFinish":false,"engine":"expo-av-live-get","isBuffering":true,"isLoaded":true,"messageIndex":1,"phase":"status","playbackMode":"live-get/run-1","positionMillis":0,"timestamp":"2026-06-05T20:11:00.179Z"}
 INFO  [voice-playback-diagnostics] {"attemptId":"expo-av-live-get-1780690245222-6ba5wu","didJustFinish":false,"engine":"expo-av-live-get","isBuffering":false,"isLoaded":true,"messageIndex":1,"phase":"status","playbackMode":"live-get/run-1","positionMillis":0,"timestamp":"2026-06-05T20:11:00.184Z"}
 INFO  [voice-playback-diagnostics] {"attemptId":"expo-av-live-get-1780690245222-6ba5wu","didJustFinish":false,"engine":"expo-av-live-get","isBuffering":false,"isLoaded":true,"messageIndex":1,"phase":"status","playbackMode":"live-get/run-1","positionMillis":1000,"timestamp":"2026-06-05T20:11:01.236Z"}
 INFO  [voice-playback-diagnostics] {"attemptId":"expo-av-live-get-1780690245222-6ba5wu","didJustFinish":false,"engine":"expo-av-live-get","isBuffering":false,"isLoaded":true,"messageIndex":1,"phase":"status","playbackMode":"live-get/run-1","positionMillis":2000,"timestamp":"2026-06-05T20:11:02.236Z"}
 INFO  [voice-playback-diagnostics] {"attemptId":"expo-av-live-get-1780690245222-6ba5wu","didJustFinish":false,"engine":"expo-av-live-get","isBuffering":false,"isLoaded":true,"messageIndex":1,"phase":"status","playbackMode":"live-get/run-1","positionMillis":3000,"timestamp":"2026-06-05T20:11:03.236Z"}
 INFO  [voice-playback-diagnostics] {"attemptId":"expo-av-live-get-1780690245222-6ba5wu","didJustFinish":false,"engine":"expo-av-live-get","isBuffering":false,"isLoaded":true,"messageIndex":1,"phase":"status","playbackMode":"live-get/run-1","positionMillis":4000,"timestamp":"2026-06-05T20:11:04.236Z"}
 INFO  [voice-playback-diagnostics] {"attemptId":"expo-av-live-get-1780690245222-6ba5wu","didJustFinish":false,"engine":"expo-av-live-get","isBuffering":false,"isLoaded":true,"messageIndex":1,"phase":"status","playbackMode":"live-get/run-1","positionMillis":5000,"timestamp":"2026-06-05T20:11:05.236Z"}
 INFO  [voice-playback-diagnostics] {"attemptId":"expo-av-live-get-1780690245222-6ba5wu","didJustFinish":false,"engine":"expo-av-live-get","isBuffering":false,"isLoaded":true,"messageIndex":1,"phase":"status","playbackMode":"live-get/run-1","positionMillis":6000,"timestamp":"2026-06-05T20:11:06.236Z"}
 INFO  [voice-playback-diagnostics] {"attemptId":"expo-av-live-get-1780690245222-6ba5wu","didJustFinish":false,"engine":"expo-av-live-get","isBuffering":false,"isLoaded":true,"messageIndex":1,"phase":"status","playbackMode":"live-get/run-1","positionMillis":7000,"timestamp":"2026-06-05T20:11:07.236Z"}
[MediaToolbox] <<HLS-FASB>> signalled err=-15514 at <>:1042
 INFO  [voice-playback-diagnostics] {"attemptId":"expo-av-live-get-1780690245222-6ba5wu","didJustFinish":false,"engine":"expo-av-live-get","isBuffering":false,"isLoaded":true,"messageIndex":1,"phase":"status","playbackMode":"live-get/run-1","positionMillis":8000,"timestamp":"2026-06-05T20:11:08.236Z"}
[MediaToolbox] <<HLS-FASB>> signalled err=-15514 at <>:1042
[MediaToolbox] <<HLS-FASB>> signalled err=-15514 at <>:1042
[MediaToolbox] <<HLS-FASB>> signalled err=-15514 at <>:1042
[MediaToolbox] <<HLS-FASB>> signalled err=-15514 at <>:1042
 INFO  [voice-playback-diagnostics] {"attemptId":"expo-av-live-get-1780690245222-6ba5wu","didJustFinish":false,"engine":"expo-av-live-get","isBuffering":false,"isLoaded":true,"messageIndex":1,"phase":"status","playbackMode":"live-get/run-1","positionMillis":9000,"timestamp":"2026-06-05T20:11:09.236Z"}
 INFO  [voice-playback-diagnostics] {"attemptId":"expo-av-live-get-1780690245222-6ba5wu","didJustFinish":false,"engine":"expo-av-live-get","isBuffering":false,"isLoaded":true,"messageIndex":1,"phase":"status","playbackMode":"live-get/run-1","positionMillis":10000,"timestamp":"2026-06-05T20:11:10.236Z"}
 INFO  [voice-playback-diagnostics] {"attemptId":"expo-av-live-get-1780690245222-6ba5wu","didJustFinish":false,"engine":"expo-av-live-get","isBuffering":false,"isLoaded":true,"messageIndex":1,"phase":"status","playbackMode":"live-get/run-1","positionMillis":11000,"timestamp":"2026-06-05T20:11:11.236Z"}
 INFO  [voice-playback-diagnostics] {"attemptId":"expo-av-live-get-1780690245222-6ba5wu","didJustFinish":false,"engine":"expo-av-live-get","isBuffering":false,"isLoaded":true,"messageIndex":1,"phase":"status","playbackMode":"live-get/run-1","positionMillis":12000,"timestamp":"2026-06-05T20:11:12.236Z"}
 INFO  [voice-playback-diagnostics] {"attemptId":"expo-av-live-get-1780690245222-6ba5wu","didJustFinish":false,"engine":"expo-av-live-get","isBuffering":false,"isLoaded":true,"messageIndex":1,"phase":"status","playbackMode":"live-get/run-1","positionMillis":13000,"timestamp":"2026-06-05T20:11:13.236Z"}
[MediaToolbox] <<HLS-FASB>> signalled err=-15514 at <>:1042
[MediaToolbox] <<HLS-FASB>> signalled err=-15514 at <>:1042
[MediaToolbox] <<<< ICY PUMP >>>> signalled err=-12640 at <>:1512
[MediaToolbox] <<<< ICY PUMP >>>> signalled err=-12640 at <>:1512
[MediaToolbox] <<<< ICY PUMP >>>> signalled err=-12640 at <>:1512
[MediaToolbox] <<<< ICY PUMP >>>> signalled err=-12640 at <>:1512
[MediaToolbox] <<<< ICY PUMP >>>> signalled err=-12640 at <>:1512
[MediaToolbox] <<<< ICY PUMP >>>> signalled err=-12640 at <>:1512
[MediaToolbox] <<<< ICY PUMP >>>> signalled err=-12640 at <>:1512
[MediaToolbox] <<HLS-FASB>> signalled err=-15514 at <>:1053
 INFO  [voice-playback-diagnostics] {"attemptId":"expo-av-live-get-1780690245222-6ba5wu","didJustFinish":false,"engine":"expo-av-live-get","isBuffering":false,"isLoaded":true,"messageIndex":1,"phase":"status","playbackMode":"live-get/run-1","positionMillis":14000,"timestamp":"2026-06-05T20:11:14.236Z"}
[AudioToolbox]        LoudnessManager.mm:1215  IsHardwareSupported: no plist
loaded, returning false
[AudioToolbox]        LoudnessManager.mm:1215  IsHardwareSupported: no plist
loaded, returning false
 INFO  [voice-playback-diagnostics] {"attemptId":"expo-av-live-get-1780690245222-6ba5wu","didJustFinish":false,"engine":"expo-av-live-get","isBuffering":false,"isLoaded":true,"messageIndex":1,"phase":"status","playbackMode":"live-get/run-1","positionMillis":15000,"timestamp":"2026-06-05T20:11:15.236Z"}
[AudioToolbox]        LoudnessManager.mm:1215  IsHardwareSupported: no plist
loaded, returning false
[MediaToolbox] metricevent_subscriber signalled err=-19772 at <>:364
 INFO  [voice-playback-diagnostics] {"attemptId":"expo-av-live-get-1780690245222-6ba5wu","didJustFinish":false,"engine":"expo-av-live-get","isBuffering":false,"isLoaded":true,"messageIndex":1,"phase":"status","playbackMode":"live-get/run-1","positionMillis":16000,"timestamp":"2026-06-05T20:11:16.236Z"}
 INFO  [voice-playback-diagnostics] {"attemptId":"expo-av-live-get-1780690245222-6ba5wu","didJustFinish":false,"engine":"expo-av-live-get","isBuffering":false,"isLoaded":true,"messageIndex":1,"phase":"status","playbackMode":"live-get/run-1","positionMillis":17000,"timestamp":"2026-06-05T20:11:17.236Z"}
 INFO  [voice-playback-diagnostics] {"attemptId":"expo-av-live-get-1780690245222-6ba5wu","didJustFinish":false,"engine":"expo-av-live-get","isBuffering":false,"isLoaded":true,"messageIndex":1,"phase":"status","playbackMode":"live-get/run-1","positionMillis":18000,"timestamp":"2026-06-05T20:11:18.236Z"}
 INFO  [voice-playback-diagnostics] {"attemptId":"expo-av-live-get-1780690245222-6ba5wu","didJustFinish":false,"engine":"expo-av-live-get","isBuffering":false,"isLoaded":true,"messageIndex":1,"phase":"status","playbackMode":"live-get/run-1","positionMillis":19000,"timestamp":"2026-06-05T20:11:19.236Z"}
 INFO  [voice-playback-diagnostics] {"attemptId":"expo-av-live-get-1780690245222-6ba5wu","didJustFinish":false,"engine":"expo-av-live-get","isBuffering":false,"isLoaded":true,"messageIndex":1,"phase":"status","playbackMode":"live-get/run-1","positionMillis":20000,"timestamp":"2026-06-05T20:11:20.236Z"}
 INFO  [voice-playback-diagnostics] {"attemptId":"expo-av-live-get-1780690245222-6ba5wu","didJustFinish":false,"engine":"expo-av-live-get","isBuffering":false,"isLoaded":true,"messageIndex":1,"phase":"status","playbackMode":"live-get/run-1","positionMillis":21000,"timestamp":"2026-06-05T20:11:21.236Z"}
 INFO  [voice-playback-diagnostics] {"attemptId":"expo-av-live-get-1780690245222-6ba5wu","didJustFinish":false,"engine":"expo-av-live-get","isBuffering":false,"isLoaded":true,"messageIndex":1,"phase":"status","playbackMode":"live-get/run-1","positionMillis":22000,"timestamp":"2026-06-05T20:11:22.236Z"}
 INFO  [voice-playback-diagnostics] {"attemptId":"expo-av-live-get-1780690245222-6ba5wu","didJustFinish":false,"engine":"expo-av-live-get","isBuffering":false,"isLoaded":true,"messageIndex":1,"phase":"status","playbackMode":"live-get/run-1","positionMillis":23000,"timestamp":"2026-06-05T20:11:23.236Z"}
 INFO  [voice-playback-diagnostics] {"attemptId":"expo-av-live-get-1780690245222-6ba5wu","didJustFinish":false,"engine":"expo-av-live-get","isBuffering":false,"isLoaded":true,"messageIndex":1,"phase":"status","playbackMode":"live-get/run-1","positionMillis":24000,"timestamp":"2026-06-05T20:11:24.236Z"}
 INFO  [voice-playback-diagnostics] {"attemptId":"expo-av-live-get-1780690245222-6ba5wu","didJustFinish":false,"engine":"expo-av-live-get","isBuffering":false,"isLoaded":true,"messageIndex":1,"phase":"status","playbackMode":"live-get/run-1","positionMillis":25000,"timestamp":"2026-06-05T20:11:25.236Z"}
 INFO  [voice-playback-diagnostics] {"attemptId":"expo-av-live-get-1780690245222-6ba5wu","didJustFinish":false,"engine":"expo-av-live-get","isBuffering":false,"isLoaded":true,"messageIndex":1,"phase":"status","playbackMode":"live-get/run-1","positionMillis":26000,"timestamp":"2026-06-05T20:11:26.236Z"}
 INFO  [voice-playback-diagnostics] {"attemptId":"expo-av-live-get-1780690245222-6ba5wu","didJustFinish":false,"engine":"expo-av-live-get","isBuffering":false,"isLoaded":true,"messageIndex":1,"phase":"status","playbackMode":"live-get/run-1","positionMillis":27000,"timestamp":"2026-06-05T20:11:27.236Z"}
 INFO  [voice-playback-diagnostics] {"attemptId":"expo-av-live-get-1780690245222-6ba5wu","didJustFinish":false,"engine":"expo-av-live-get","isBuffering":false,"isLoaded":true,"messageIndex":1,"phase":"status","playbackMode":"live-get/run-1","positionMillis":28000,"timestamp":"2026-06-05T20:11:28.236Z"}
 INFO  [voice-playback-diagnostics] {"attemptId":"expo-av-live-get-1780690245222-6ba5wu","didJustFinish":false,"engine":"expo-av-live-get","isBuffering":false,"isLoaded":true,"messageIndex":1,"phase":"status","playbackMode":"live-get/run-1","positionMillis":29000,"timestamp":"2026-06-05T20:11:29.236Z"}
 INFO  [voice-playback-diagnostics] {"attemptId":"expo-av-live-get-1780690245222-6ba5wu","didJustFinish":false,"engine":"expo-av-live-get","isBuffering":false,"isLoaded":true,"messageIndex":1,"phase":"status","playbackMode":"live-get/run-1","positionMillis":30000,"timestamp":"2026-06-05T20:11:30.236Z"}
 INFO  [voice-playback-diagnostics] {"attemptId":"expo-av-live-get-1780690245222-6ba5wu","didJustFinish":false,"engine":"expo-av-live-get","isBuffering":false,"isLoaded":true,"messageIndex":1,"phase":"status","playbackMode":"live-get/run-1","positionMillis":31000,"timestamp":"2026-06-05T20:11:31.236Z"}
 INFO  [voice-playback-diagnostics] {"attemptId":"expo-av-live-get-1780690245222-6ba5wu","didJustFinish":false,"engine":"expo-av-live-get","isBuffering":false,"isLoaded":true,"messageIndex":1,"phase":"status","playbackMode":"live-get/run-1","positionMillis":32000,"timestamp":"2026-06-05T20:11:32.236Z"}
 INFO  [voice-playback-diagnostics] {"attemptId":"expo-av-live-get-1780690245222-6ba5wu","didJustFinish":false,"engine":"expo-av-live-get","isBuffering":false,"isLoaded":true,"messageIndex":1,"phase":"status","playbackMode":"live-get/run-1","positionMillis":33000,"timestamp":"2026-06-05T20:11:33.236Z"}
 INFO  [voice-playback-diagnostics] {"attemptId":"expo-av-live-get-1780690245222-6ba5wu","didJustFinish":false,"engine":"expo-av-live-get","isBuffering":false,"isLoaded":true,"messageIndex":1,"phase":"status","playbackMode":"live-get/run-1","positionMillis":34000,"timestamp":"2026-06-05T20:11:34.236Z"}
 INFO  [voice-playback-diagnostics] {"attemptId":"expo-av-live-get-1780690245222-6ba5wu","didJustFinish":false,"engine":"expo-av-live-get","isBuffering":false,"isLoaded":true,"messageIndex":1,"phase":"status","playbackMode":"live-get/run-1","positionMillis":35000,"timestamp":"2026-06-05T20:11:35.236Z"}
 INFO  [voice-playback-diagnostics] {"attemptId":"expo-av-live-get-1780690245222-6ba5wu","didJustFinish":false,"engine":"expo-av-live-get","isBuffering":false,"isLoaded":true,"messageIndex":1,"phase":"status","playbackMode":"live-get/run-1","positionMillis":36000,"timestamp":"2026-06-05T20:11:36.236Z"}
 INFO  [voice-playback-diagnostics] {"attemptId":"expo-av-live-get-1780690245222-6ba5wu","didJustFinish":false,"engine":"expo-av-live-get","isBuffering":false,"isLoaded":true,"messageIndex":1,"phase":"status","playbackMode":"live-get/run-1","positionMillis":37000,"timestamp":"2026-06-05T20:11:37.237Z"}
 INFO  [voice-playback-diagnostics] {"attemptId":"expo-av-live-get-1780690245222-6ba5wu","didJustFinish":false,"engine":"expo-av-live-get","isBuffering":false,"isLoaded":true,"messageIndex":1,"phase":"status","playbackMode":"live-get/run-1","positionMillis":38000,"timestamp":"2026-06-05T20:11:38.236Z"}
 INFO  [voice-playback-diagnostics] {"attemptId":"expo-av-live-get-1780690245222-6ba5wu","didJustFinish":false,"engine":"expo-av-live-get","isBuffering":false,"isLoaded":true,"messageIndex":1,"phase":"status","playbackMode":"live-get/run-1","positionMillis":39000,"timestamp":"2026-06-05T20:11:39.236Z"}
 INFO  [voice-playback-diagnostics] {"attemptId":"expo-av-live-get-1780690245222-6ba5wu","didJustFinish":false,"engine":"expo-av-live-get","isBuffering":false,"isLoaded":true,"messageIndex":1,"phase":"status","playbackMode":"live-get/run-1","positionMillis":40000,"timestamp":"2026-06-05T20:11:40.236Z"}
 INFO  [voice-playback-diagnostics] {"attemptId":"expo-av-live-get-1780690245222-6ba5wu","didJustFinish":false,"engine":"expo-av-live-get","isBuffering":false,"isLoaded":true,"messageIndex":1,"phase":"status","playbackMode":"live-get/run-1","positionMillis":41000,"timestamp":"2026-06-05T20:11:41.236Z"}
 INFO  [voice-playback-diagnostics] {"attemptId":"expo-av-live-get-1780690245222-6ba5wu","didJustFinish":false,"engine":"expo-av-live-get","isBuffering":false,"isLoaded":true,"messageIndex":1,"phase":"status","playbackMode":"live-get/run-1","positionMillis":42000,"timestamp":"2026-06-05T20:11:42.236Z"}
 INFO  [voice-playback-diagnostics] {"attemptId":"expo-av-live-get-1780690245222-6ba5wu","didJustFinish":false,"engine":"expo-av-live-get","isBuffering":false,"isLoaded":true,"messageIndex":1,"phase":"status","playbackMode":"live-get/run-1","positionMillis":43000,"timestamp":"2026-06-05T20:11:43.236Z"}
 INFO  [voice-playback-diagnostics] {"attemptId":"expo-av-live-get-1780690245222-6ba5wu","didJustFinish":false,"engine":"expo-av-live-get","isBuffering":false,"isLoaded":true,"messageIndex":1,"phase":"status","playbackMode":"live-get/run-1","positionMillis":44000,"timestamp":"2026-06-05T20:11:44.236Z"}
 INFO  [voice-playback-diagnostics] {"attemptId":"expo-av-live-get-1780690245222-6ba5wu","didJustFinish":false,"engine":"expo-av-live-get","isBuffering":false,"isLoaded":true,"messageIndex":1,"phase":"status","playbackMode":"live-get/run-1","positionMillis":45000,"timestamp":"2026-06-05T20:11:45.236Z"}
 INFO  [voice-playback-diagnostics] {"attemptId":"expo-av-live-get-1780690245222-6ba5wu","didJustFinish":false,"engine":"expo-av-live-get","isBuffering":false,"isLoaded":true,"messageIndex":1,"phase":"status","playbackMode":"live-get/run-1","positionMillis":46000,"timestamp":"2026-06-05T20:11:46.236Z"}
 INFO  [voice-playback-diagnostics] {"attemptId":"expo-av-live-get-1780690245222-6ba5wu","didJustFinish":false,"engine":"expo-av-live-get","isBuffering":false,"isLoaded":true,"messageIndex":1,"phase":"status","playbackMode":"live-get/run-1","positionMillis":47000,"timestamp":"2026-06-05T20:11:47.236Z"}
 INFO  [voice-playback-diagnostics] {"attemptId":"expo-av-live-get-1780690245222-6ba5wu","didJustFinish":false,"engine":"expo-av-live-get","isBuffering":false,"isLoaded":true,"messageIndex":1,"phase":"status","playbackMode":"live-get/run-1","positionMillis":48000,"timestamp":"2026-06-05T20:11:48.236Z"}
 INFO  [voice-playback-diagnostics] {"attemptId":"expo-av-live-get-1780690245222-6ba5wu","didJustFinish":false,"engine":"expo-av-live-get","isBuffering":false,"isLoaded":true,"messageIndex":1,"phase":"status","playbackMode":"live-get/run-1","positionMillis":49000,"timestamp":"2026-06-05T20:11:49.236Z"}
 INFO  [voice-playback-diagnostics] {"attemptId":"expo-av-live-get-1780690245222-6ba5wu","didJustFinish":false,"engine":"expo-av-live-get","isBuffering":false,"isLoaded":true,"messageIndex":1,"phase":"status","playbackMode":"live-get/run-1","positionMillis":50000,"timestamp":"2026-06-05T20:11:50.236Z"}
 INFO  [voice-playback-diagnostics] {"attemptId":"expo-av-live-get-1780690245222-6ba5wu","didJustFinish":false,"engine":"expo-av-live-get","isBuffering":false,"isLoaded":true,"messageIndex":1,"phase":"status","playbackMode":"live-get/run-1","positionMillis":51000,"timestamp":"2026-06-05T20:11:51.236Z"}
 INFO  [voice-playback-diagnostics] {"attemptId":"expo-av-live-get-1780690245222-6ba5wu","didJustFinish":false,"engine":"expo-av-live-get","isBuffering":false,"isLoaded":true,"messageIndex":1,"phase":"status","playbackMode":"live-get/run-1","positionMillis":52000,"timestamp":"2026-06-05T20:11:52.236Z"}
 INFO  [voice-playback-diagnostics] {"attemptId":"expo-av-live-get-1780690245222-6ba5wu","didJustFinish":false,"engine":"expo-av-live-get","isBuffering":false,"isLoaded":true,"messageIndex":1,"phase":"status","playbackMode":"live-get/run-1","positionMillis":53000,"timestamp":"2026-06-05T20:11:53.236Z"}
 INFO  [voice-playback-diagnostics] {"attemptId":"expo-av-live-get-1780690245222-6ba5wu","didJustFinish":false,"engine":"expo-av-live-get","isBuffering":false,"isLoaded":true,"messageIndex":1,"phase":"status","playbackMode":"live-get/run-1","positionMillis":54000,"timestamp":"2026-06-05T20:11:54.236Z"}
 INFO  [voice-playback-diagnostics] {"attemptId":"expo-av-live-get-1780690245222-6ba5wu","didJustFinish":false,"engine":"expo-av-live-get","isBuffering":false,"isLoaded":true,"messageIndex":1,"phase":"status","playbackMode":"live-get/run-1","positionMillis":55000,"timestamp":"2026-06-05T20:11:55.236Z"}
 INFO  [voice-playback-diagnostics] {"attemptId":"expo-av-live-get-1780690245222-6ba5wu","didJustFinish":false,"engine":"expo-av-live-get","isBuffering":false,"isLoaded":true,"messageIndex":1,"phase":"status","playbackMode":"live-get/run-1","positionMillis":56000,"timestamp":"2026-06-05T20:11:56.236Z"}
 INFO  [voice-playback-diagnostics] {"attemptId":"expo-av-live-get-1780690245222-6ba5wu","didJustFinish":false,"engine":"expo-av-live-get","isBuffering":false,"isLoaded":true,"messageIndex":1,"phase":"status","playbackMode":"live-get/run-1","positionMillis":57000,"timestamp":"2026-06-05T20:11:57.236Z"}
 INFO  [voice-playback-diagnostics] {"attemptId":"expo-av-live-get-1780690245222-6ba5wu","didJustFinish":false,"engine":"expo-av-live-get","isBuffering":false,"isLoaded":true,"messageIndex":1,"phase":"status","playbackMode":"live-get/run-1","positionMillis":58000,"timestamp":"2026-06-05T20:11:58.236Z"}
 INFO  [voice-playback-diagnostics] {"attemptId":"expo-av-live-get-1780690245222-6ba5wu","didJustFinish":false,"engine":"expo-av-live-get","isBuffering":false,"isLoaded":true,"messageIndex":1,"phase":"status","playbackMode":"live-get/run-1","positionMillis":59000,"timestamp":"2026-06-05T20:11:59.236Z"}
 INFO  [voice-playback-diagnostics] {"attemptId":"expo-av-live-get-1780690245222-6ba5wu","didJustFinish":false,"engine":"expo-av-live-get","isBuffering":false,"isLoaded":true,"messageIndex":1,"phase":"status","playbackMode":"live-get/run-1","positionMillis":60000,"timestamp":"2026-06-05T20:12:00.236Z"}
 INFO  [voice-playback-diagnostics] {"attemptId":"expo-av-live-get-1780690245222-6ba5wu","didJustFinish":false,"engine":"expo-av-live-get","isBuffering":false,"isLoaded":true,"messageIndex":1,"phase":"status","playbackMode":"live-get/run-1","positionMillis":61000,"timestamp":"2026-06-05T20:12:01.236Z"}
 INFO  [voice-playback-diagnostics] {"attemptId":"expo-av-live-get-1780690245222-6ba5wu","didJustFinish":false,"engine":"expo-av-live-get","isBuffering":false,"isLoaded":true,"messageIndex":1,"phase":"status","playbackMode":"live-get/run-1","positionMillis":62000,"timestamp":"2026-06-05T20:12:02.236Z"}
 INFO  [voice-playback-diagnostics] {"attemptId":"expo-av-live-get-1780690245222-6ba5wu","didJustFinish":false,"engine":"expo-av-live-get","isBuffering":false,"isLoaded":true,"messageIndex":1,"phase":"status","playbackMode":"live-get/run-1","positionMillis":63000,"timestamp":"2026-06-05T20:12:03.236Z"}
 INFO  [voice-playback-diagnostics] {"attemptId":"expo-av-live-get-1780690245222-6ba5wu","didJustFinish":false,"engine":"expo-av-live-get","isBuffering":false,"isLoaded":true,"messageIndex":1,"phase":"status","playbackMode":"live-get/run-1","positionMillis":64000,"timestamp":"2026-06-05T20:12:04.236Z"}
 INFO  [voice-playback-diagnostics] {"attemptId":"expo-av-live-get-1780690245222-6ba5wu","didJustFinish":false,"engine":"expo-av-live-get","isBuffering":false,"isLoaded":true,"messageIndex":1,"phase":"status","playbackMode":"live-get/run-1","positionMillis":65000,"timestamp":"2026-06-05T20:12:05.236Z"}
 INFO  [voice-playback-diagnostics] {"attemptId":"expo-av-live-get-1780690245222-6ba5wu","didJustFinish":false,"engine":"expo-av-live-get","isBuffering":false,"isLoaded":true,"messageIndex":1,"phase":"status","playbackMode":"live-get/run-1","positionMillis":66000,"timestamp":"2026-06-05T20:12:06.236Z"}
 INFO  [voice-playback-diagnostics] {"attemptId":"expo-av-live-get-1780690245222-6ba5wu","didJustFinish":false,"engine":"expo-av-live-get","isBuffering":false,"isLoaded":true,"messageIndex":1,"phase":"status","playbackMode":"live-get/run-1","positionMillis":67000,"timestamp":"2026-06-05T20:12:07.236Z"}
 INFO  [voice-playback-diagnostics] {"attemptId":"expo-av-live-get-1780690245222-6ba5wu","didJustFinish":false,"engine":"expo-av-live-get","isBuffering":false,"isLoaded":true,"messageIndex":1,"phase":"status","playbackMode":"live-get/run-1","positionMillis":68000,"timestamp":"2026-06-05T20:12:08.236Z"}
 INFO  [voice-playback-diagnostics] {"attemptId":"expo-av-live-get-1780690245222-6ba5wu","didJustFinish":false,"engine":"expo-av-live-get","isBuffering":false,"isLoaded":true,"messageIndex":1,"phase":"status","playbackMode":"live-get/run-1","positionMillis":69000,"timestamp":"2026-06-05T20:12:09.236Z"}
 INFO  [voice-playback-diagnostics] {"attemptId":"expo-av-live-get-1780690245222-6ba5wu","didJustFinish":false,"engine":"expo-av-live-get","isBuffering":false,"isLoaded":true,"messageIndex":1,"phase":"status","playbackMode":"live-get/run-1","positionMillis":70000,"timestamp":"2026-06-05T20:12:10.236Z"}
 INFO  [voice-playback-diagnostics] {"attemptId":"expo-av-live-get-1780690245222-6ba5wu","didJustFinish":false,"engine":"expo-av-live-get","isBuffering":false,"isLoaded":true,"messageIndex":1,"phase":"status","playbackMode":"live-get/run-1","positionMillis":71000,"timestamp":"2026-06-05T20:12:11.236Z"}
 INFO  [voice-playback-diagnostics] {"attemptId":"expo-av-live-get-1780690245222-6ba5wu","didJustFinish":false,"engine":"expo-av-live-get","isBuffering":false,"isLoaded":true,"messageIndex":1,"phase":"status","playbackMode":"live-get/run-1","positionMillis":72000,"timestamp":"2026-06-05T20:12:12.236Z"}
 INFO  [voice-playback-diagnostics] {"attemptId":"expo-av-live-get-1780690245222-6ba5wu","didJustFinish":false,"engine":"expo-av-live-get","isBuffering":false,"isLoaded":true,"messageIndex":1,"phase":"status","playbackMode":"live-get/run-1","positionMillis":73000,"timestamp":"2026-06-05T20:12:13.236Z"}
 INFO  [voice-playback-diagnostics] {"attemptId":"expo-av-live-get-1780690245222-6ba5wu","didJustFinish":false,"engine":"expo-av-live-get","isBuffering":false,"isLoaded":true,"messageIndex":1,"phase":"status","playbackMode":"live-get/run-1","positionMillis":74000,"timestamp":"2026-06-05T20:12:14.236Z"}
 INFO  [voice-playback-diagnostics] {"attemptId":"expo-av-live-get-1780690245222-6ba5wu","didJustFinish":false,"engine":"expo-av-live-get","isBuffering":false,"isLoaded":true,"messageIndex":1,"phase":"status","playbackMode":"live-get/run-1","positionMillis":75000,"timestamp":"2026-06-05T20:12:15.236Z"}
[MediaToolbox] <<HLS-FASB>> signalled err=-15514 at <>:1042
 INFO  [voice-playback-diagnostics] {"attemptId":"expo-av-live-get-1780690245222-6ba5wu","didJustFinish":false,"engine":"expo-av-live-get","isBuffering":false,"isLoaded":true,"messageIndex":1,"phase":"status","playbackMode":"live-get/run-1","positionMillis":75372,"timestamp":"2026-06-05T20:12:15.609Z"}
[MediaToolbox] <<HLS-FASB>> signalled err=-15514 at <>:1042
[MediaToolbox] <<HLS-FASB>> signalled err=-15514 at <>:991
[MediaToolbox] <<HLS-FASB>> signalled err=-15514 at <>:991
 INFO  [voice-playback-diagnostics] {"attemptId":"expo-av-live-get-1780690245222-6ba5wu","didJustFinish":true,"engine":"expo-av-live-get","isBuffering":false,"isLoaded":true,"messageIndex":1,"phase":"status","playbackMode":"live-get/run-1","positionMillis":75372,"timestamp":"2026-06-05T20:12:15.623Z"}
[MediaToolbox] <<HLS-FASB>> signalled err=-15514 at <>:1042
[MediaToolbox] <<HLS-FASB>> signalled err=-15514 at <>:1042
[MediaToolbox] (Fig) signalled err=-12785 at <>:1469
 INFO  [voice-playback-diagnostics] {"attemptId":"expo-av-live-get-1780690245222-6ba5wu","engine":"expo-av-live-get","messageIndex":1,"phase":"finish","playbackMode":"live-get/run-1","positionMillis":75372,"timestamp":"2026-06-05T20:12:15.638Z"}
[MediaToolbox] <<<< ICY PUMP >>>> signalled err=-12785 at <>:1427
[MediaToolbox] <<<< ICY PUMP >>>> signalled err=-12785 at <>:1427
[MediaToolbox] <<<< FIM >>>> signalled err=-16042 at <>:2634
 INFO  [voice-playback-diagnostics] {"attemptId":"expo-av-live-get-1780690335667-qbvmjf","engine":"expo-av-live-get","messageIndex":1,"phase":"create","playbackMode":"live-get/run-2","timestamp":"2026-06-05T20:12:15.667Z"}
 INFO  [voice-playback-diagnostics] {"attemptId":"expo-av-live-get-1780690335667-qbvmjf","engine":"expo-av-live-get","httpStatus":200,"messageIndex":1,"phase":"fetch","playbackMode":"probe-get/run-2/audio/mpeg","timestamp":"2026-06-05T20:12:27.052Z"}
[CoreMedia] <<< timebase >>> signalled err=-12753 at <>:3981
[MediaToolbox] <<<< FigStreamPlayer >>>> signalled err=-12860 at <>:29920
[MediaToolbox] <<<< ICY PUMP >>>> signalled err=-12640 at <>:1512
[MediaToolbox] <<<< ICY PUMP >>>> signalled err=-12640 at <>:1512
[MediaToolbox] <<<< ICY PUMP >>>> signalled err=-12640 at <>:1512
[MediaToolbox] <<<< ICY PUMP >>>> signalled err=-12640 at <>:1512
[MediaToolbox] <<<< ICY PUMP >>>> signalled err=-12640 at <>:1512
[MediaToolbox] <<<< ICY PUMP >>>> signalled err=-12640 at <>:1512
[MediaToolbox] <<<< ICY PUMP >>>> signalled err=-12640 at <>:1512
[MediaToolbox] <<HLS-FASB>> signalled err=-15514 at <>:1053
[CoreMedia] <<< timebase >>> signalled err=-12753 at <>:3981
[MediaToolbox] <<<< FigStreamPlayer >>>> signalled err=-12783 at <>:63418
[CoreMedia] <<< timebase >>> signalled err=-12753 at <>:3981
[MediaToolbox] <<<< FigStreamPlayer >>>> signalled err=-12783 at <>:63418
[MediaToolbox] <<<< FigStreamPlayer >>>> signalled err=-12783 at <>:63418
[AudioToolbox]        LoudnessManager.mm:1215  IsHardwareSupported: no plist
loaded, returning false
[AudioToolbox]        LoudnessManager.mm:1215  IsHardwareSupported: no plist
loaded, returning false
[AudioToolbox]        LoudnessManager.mm:1215  IsHardwareSupported: no plist
loaded, returning false
[MediaToolbox] <<HLS-FASB>> signalled err=-15514 at <>:1042
[MediaToolbox] metricevent_subscriber signalled err=-19772 at <>:364
[AudioToolbox]        LoudnessManager.mm:1215  IsHardwareSupported: no plist
loaded, returning false
[AudioToolbox]        LoudnessManager.mm:1215  IsHardwareSupported: no plist
loaded, returning false
[AudioToolbox]        LoudnessManager.mm:1215  IsHardwareSupported: no plist
loaded, returning false
[MediaToolbox] <<HLS-FASB>> signalled err=-15514 at <>:1042
[MediaToolbox] <<HLS-FASB>> signalled err=-15514 at <>:1042
 INFO  [voice-playback-diagnostics] {"attemptId":"expo-av-live-get-1780690335667-qbvmjf","didJustFinish":false,"engine":"expo-av-live-get","isBuffering":true,"isLoaded":true,"messageIndex":1,"phase":"status","playbackMode":"live-get/run-2","positionMillis":0,"timestamp":"2026-06-05T20:12:30.026Z"}
 INFO  [voice-playback-diagnostics] {"attemptId":"expo-av-live-get-1780690335667-qbvmjf","engine":"expo-av-live-get","messageIndex":1,"phase":"play","playbackMode":"live-get/run-2","timestamp":"2026-06-05T20:12:30.039Z"}
 INFO  [voice-playback-diagnostics] {"attemptId":"expo-av-live-get-1780690335667-qbvmjf","didJustFinish":false,"engine":"expo-av-live-get","isBuffering":true,"isLoaded":true,"messageIndex":1,"phase":"status","playbackMode":"live-get/run-2","positionMillis":0,"timestamp":"2026-06-05T20:12:30.051Z"}
 INFO  [voice-playback-diagnostics] {"attemptId":"expo-av-live-get-1780690335667-qbvmjf","didJustFinish":false,"engine":"expo-av-live-get","isBuffering":false,"isLoaded":true,"messageIndex":1,"phase":"status","playbackMode":"live-get/run-2","positionMillis":0,"timestamp":"2026-06-05T20:12:30.063Z"}
 INFO  [voice-playback-diagnostics] {"attemptId":"expo-av-live-get-1780690335667-qbvmjf","didJustFinish":false,"engine":"expo-av-live-get","isBuffering":false,"isLoaded":true,"messageIndex":1,"phase":"status","playbackMode":"live-get/run-2","positionMillis":1000,"timestamp":"2026-06-05T20:12:31.096Z"}
 INFO  [voice-playback-diagnostics] {"attemptId":"expo-av-live-get-1780690335667-qbvmjf","didJustFinish":false,"engine":"expo-av-live-get","isBuffering":false,"isLoaded":true,"messageIndex":1,"phase":"status","playbackMode":"live-get/run-2","positionMillis":2000,"timestamp":"2026-06-05T20:12:32.096Z"}
 INFO  [voice-playback-diagnostics] {"attemptId":"expo-av-live-get-1780690335667-qbvmjf","didJustFinish":false,"engine":"expo-av-live-get","isBuffering":false,"isLoaded":true,"messageIndex":1,"phase":"status","playbackMode":"live-get/run-2","positionMillis":3000,"timestamp":"2026-06-05T20:12:33.096Z"}
 INFO  [voice-playback-diagnostics] {"attemptId":"expo-av-live-get-1780690335667-qbvmjf","didJustFinish":false,"engine":"expo-av-live-get","isBuffering":false,"isLoaded":true,"messageIndex":1,"phase":"status","playbackMode":"live-get/run-2","positionMillis":4000,"timestamp":"2026-06-05T20:12:34.096Z"}
 INFO  [voice-playback-diagnostics] {"attemptId":"expo-av-live-get-1780690335667-qbvmjf","didJustFinish":false,"engine":"expo-av-live-get","isBuffering":false,"isLoaded":true,"messageIndex":1,"phase":"status","playbackMode":"live-get/run-2","positionMillis":5000,"timestamp":"2026-06-05T20:12:35.096Z"}
 INFO  [voice-playback-diagnostics] {"attemptId":"expo-av-live-get-1780690335667-qbvmjf","didJustFinish":false,"engine":"expo-av-live-get","isBuffering":false,"isLoaded":true,"messageIndex":1,"phase":"status","playbackMode":"live-get/run-2","positionMillis":6000,"timestamp":"2026-06-05T20:12:36.096Z"}
 INFO  [voice-playback-diagnostics] {"attemptId":"expo-av-live-get-1780690335667-qbvmjf","didJustFinish":false,"engine":"expo-av-live-get","isBuffering":false,"isLoaded":true,"messageIndex":1,"phase":"status","playbackMode":"live-get/run-2","positionMillis":7000,"timestamp":"2026-06-05T20:12:37.096Z"}
 INFO  [voice-playback-diagnostics] {"attemptId":"expo-av-live-get-1780690335667-qbvmjf","didJustFinish":false,"engine":"expo-av-live-get","isBuffering":false,"isLoaded":true,"messageIndex":1,"phase":"status","playbackMode":"live-get/run-2","positionMillis":8000,"timestamp":"2026-06-05T20:12:38.096Z"}
[MediaToolbox] <<HLS-FASB>> signalled err=-15514 at <>:1042
[MediaToolbox] <<HLS-FASB>> signalled err=-15514 at <>:1042
[MediaToolbox] <<HLS-FASB>> signalled err=-15514 at <>:1042
 INFO  [voice-playback-diagnostics] {"attemptId":"expo-av-live-get-1780690335667-qbvmjf","didJustFinish":false,"engine":"expo-av-live-get","isBuffering":false,"isLoaded":true,"messageIndex":1,"phase":"status","playbackMode":"live-get/run-2","positionMillis":9000,"timestamp":"2026-06-05T20:12:39.096Z"}
 INFO  [voice-playback-diagnostics] {"attemptId":"expo-av-live-get-1780690335667-qbvmjf","didJustFinish":false,"engine":"expo-av-live-get","isBuffering":false,"isLoaded":true,"messageIndex":1,"phase":"status","playbackMode":"live-get/run-2","positionMillis":10000,"timestamp":"2026-06-05T20:12:40.096Z"}
 INFO  [voice-playback-diagnostics] {"attemptId":"expo-av-live-get-1780690335667-qbvmjf","didJustFinish":false,"engine":"expo-av-live-get","isBuffering":false,"isLoaded":true,"messageIndex":1,"phase":"status","playbackMode":"live-get/run-2","positionMillis":11000,"timestamp":"2026-06-05T20:12:41.096Z"}
[MediaToolbox] <<HLS-FASB>> signalled err=-15514 at <>:1042
[MediaToolbox] <<HLS-FASB>> signalled err=-15514 at <>:1042
[MediaToolbox] <<<< ICY PUMP >>>> signalled err=-12640 at <>:1512
[MediaToolbox] <<<< ICY PUMP >>>> signalled err=-12640 at <>:1512
[MediaToolbox] <<<< ICY PUMP >>>> signalled err=-12640 at <>:1512
[MediaToolbox] <<<< ICY PUMP >>>> signalled err=-12640 at <>:1512
[MediaToolbox] <<<< ICY PUMP >>>> signalled err=-12640 at <>:1512
[MediaToolbox] <<<< ICY PUMP >>>> signalled err=-12640 at <>:1512
[MediaToolbox] <<<< ICY PUMP >>>> signalled err=-12640 at <>:1512
[MediaToolbox] <<HLS-FASB>> signalled err=-15514 at <>:1053
 INFO  [voice-playback-diagnostics] {"attemptId":"expo-av-live-get-1780690335667-qbvmjf","didJustFinish":false,"engine":"expo-av-live-get","isBuffering":false,"isLoaded":true,"messageIndex":1,"phase":"status","playbackMode":"live-get/run-2","positionMillis":12000,"timestamp":"2026-06-05T20:12:42.096Z"}
[AudioToolbox]        LoudnessManager.mm:1215  IsHardwareSupported: no plist
loaded, returning false
[AudioToolbox]        LoudnessManager.mm:1215  IsHardwareSupported: no plist
loaded, returning false
[AudioToolbox]        LoudnessManager.mm:1215  IsHardwareSupported: no plist
loaded, returning false
 INFO  [voice-playback-diagnostics] {"attemptId":"expo-av-live-get-1780690335667-qbvmjf","didJustFinish":false,"engine":"expo-av-live-get","isBuffering":false,"isLoaded":true,"messageIndex":1,"phase":"status","playbackMode":"live-get/run-2","positionMillis":13000,"timestamp":"2026-06-05T20:12:43.096Z"}
[MediaToolbox] metricevent_subscriber signalled err=-19772 at <>:364
 INFO  [voice-playback-diagnostics] {"attemptId":"expo-av-live-get-1780690335667-qbvmjf","didJustFinish":false,"engine":"expo-av-live-get","isBuffering":false,"isLoaded":true,"messageIndex":1,"phase":"status","playbackMode":"live-get/run-2","positionMillis":14000,"timestamp":"2026-06-05T20:12:44.096Z"}
 INFO  [voice-playback-diagnostics] {"attemptId":"expo-av-live-get-1780690335667-qbvmjf","didJustFinish":false,"engine":"expo-av-live-get","isBuffering":false,"isLoaded":true,"messageIndex":1,"phase":"status","playbackMode":"live-get/run-2","positionMillis":15000,"timestamp":"2026-06-05T20:12:45.096Z"}
 INFO  [voice-playback-diagnostics] {"attemptId":"expo-av-live-get-1780690335667-qbvmjf","didJustFinish":false,"engine":"expo-av-live-get","isBuffering":false,"isLoaded":true,"messageIndex":1,"phase":"status","playbackMode":"live-get/run-2","positionMillis":16000,"timestamp":"2026-06-05T20:12:46.096Z"}
 INFO  [voice-playback-diagnostics] {"attemptId":"expo-av-live-get-1780690335667-qbvmjf","didJustFinish":false,"engine":"expo-av-live-get","isBuffering":false,"isLoaded":true,"messageIndex":1,"phase":"status","playbackMode":"live-get/run-2","positionMillis":17000,"timestamp":"2026-06-05T20:12:47.096Z"}
 INFO  [voice-playback-diagnostics] {"attemptId":"expo-av-live-get-1780690335667-qbvmjf","didJustFinish":false,"engine":"expo-av-live-get","isBuffering":false,"isLoaded":true,"messageIndex":1,"phase":"status","playbackMode":"live-get/run-2","positionMillis":18000,"timestamp":"2026-06-05T20:12:48.096Z"}
 INFO  [voice-playback-diagnostics] {"attemptId":"expo-av-live-get-1780690335667-qbvmjf","didJustFinish":false,"engine":"expo-av-live-get","isBuffering":false,"isLoaded":true,"messageIndex":1,"phase":"status","playbackMode":"live-get/run-2","positionMillis":19000,"timestamp":"2026-06-05T20:12:49.096Z"}
 INFO  [voice-playback-diagnostics] {"attemptId":"expo-av-live-get-1780690335667-qbvmjf","didJustFinish":false,"engine":"expo-av-live-get","isBuffering":false,"isLoaded":true,"messageIndex":1,"phase":"status","playbackMode":"live-get/run-2","positionMillis":20000,"timestamp":"2026-06-05T20:12:50.096Z"}
 INFO  [voice-playback-diagnostics] {"attemptId":"expo-av-live-get-1780690335667-qbvmjf","didJustFinish":false,"engine":"expo-av-live-get","isBuffering":false,"isLoaded":true,"messageIndex":1,"phase":"status","playbackMode":"live-get/run-2","positionMillis":21000,"timestamp":"2026-06-05T20:12:51.096Z"}
 INFO  [voice-playback-diagnostics] {"attemptId":"expo-av-live-get-1780690335667-qbvmjf","didJustFinish":false,"engine":"expo-av-live-get","isBuffering":false,"isLoaded":true,"messageIndex":1,"phase":"status","playbackMode":"live-get/run-2","positionMillis":22000,"timestamp":"2026-06-05T20:12:52.096Z"}
 INFO  [voice-playback-diagnostics] {"attemptId":"expo-av-live-get-1780690335667-qbvmjf","didJustFinish":false,"engine":"expo-av-live-get","isBuffering":false,"isLoaded":true,"messageIndex":1,"phase":"status","playbackMode":"live-get/run-2","positionMillis":23000,"timestamp":"2026-06-05T20:12:53.096Z"}
 INFO  [voice-playback-diagnostics] {"attemptId":"expo-av-live-get-1780690335667-qbvmjf","didJustFinish":false,"engine":"expo-av-live-get","isBuffering":false,"isLoaded":true,"messageIndex":1,"phase":"status","playbackMode":"live-get/run-2","positionMillis":24000,"timestamp":"2026-06-05T20:12:54.096Z"}
 INFO  [voice-playback-diagnostics] {"attemptId":"expo-av-live-get-1780690335667-qbvmjf","didJustFinish":false,"engine":"expo-av-live-get","isBuffering":false,"isLoaded":true,"messageIndex":1,"phase":"status","playbackMode":"live-get/run-2","positionMillis":25000,"timestamp":"2026-06-05T20:12:55.096Z"}
 INFO  [voice-playback-diagnostics] {"attemptId":"expo-av-live-get-1780690335667-qbvmjf","didJustFinish":false,"engine":"expo-av-live-get","isBuffering":false,"isLoaded":true,"messageIndex":1,"phase":"status","playbackMode":"live-get/run-2","positionMillis":26000,"timestamp":"2026-06-05T20:12:56.096Z"}
 INFO  [voice-playback-diagnostics] {"attemptId":"expo-av-live-get-1780690335667-qbvmjf","didJustFinish":false,"engine":"expo-av-live-get","isBuffering":false,"isLoaded":true,"messageIndex":1,"phase":"status","playbackMode":"live-get/run-2","positionMillis":27000,"timestamp":"2026-06-05T20:12:57.096Z"}
 INFO  [voice-playback-diagnostics] {"attemptId":"expo-av-live-get-1780690335667-qbvmjf","didJustFinish":false,"engine":"expo-av-live-get","isBuffering":false,"isLoaded":true,"messageIndex":1,"phase":"status","playbackMode":"live-get/run-2","positionMillis":28000,"timestamp":"2026-06-05T20:12:58.096Z"}
 INFO  [voice-playback-diagnostics] {"attemptId":"expo-av-live-get-1780690335667-qbvmjf","didJustFinish":false,"engine":"expo-av-live-get","isBuffering":false,"isLoaded":true,"messageIndex":1,"phase":"status","playbackMode":"live-get/run-2","positionMillis":29000,"timestamp":"2026-06-05T20:12:59.096Z"}
 INFO  [voice-playback-diagnostics] {"attemptId":"expo-av-live-get-1780690335667-qbvmjf","didJustFinish":false,"engine":"expo-av-live-get","isBuffering":false,"isLoaded":true,"messageIndex":1,"phase":"status","playbackMode":"live-get/run-2","positionMillis":30000,"timestamp":"2026-06-05T20:13:00.096Z"}
 INFO  [voice-playback-diagnostics] {"attemptId":"expo-av-live-get-1780690335667-qbvmjf","didJustFinish":false,"engine":"expo-av-live-get","isBuffering":false,"isLoaded":true,"messageIndex":1,"phase":"status","playbackMode":"live-get/run-2","positionMillis":31000,"timestamp":"2026-06-05T20:13:01.096Z"}
 INFO  [voice-playback-diagnostics] {"attemptId":"expo-av-live-get-1780690335667-qbvmjf","didJustFinish":false,"engine":"expo-av-live-get","isBuffering":false,"isLoaded":true,"messageIndex":1,"phase":"status","playbackMode":"live-get/run-2","positionMillis":32000,"timestamp":"2026-06-05T20:13:02.096Z"}
 INFO  [voice-playback-diagnostics] {"attemptId":"expo-av-live-get-1780690335667-qbvmjf","didJustFinish":false,"engine":"expo-av-live-get","isBuffering":false,"isLoaded":true,"messageIndex":1,"phase":"status","playbackMode":"live-get/run-2","positionMillis":33000,"timestamp":"2026-06-05T20:13:03.096Z"}
 INFO  [voice-playback-diagnostics] {"attemptId":"expo-av-live-get-1780690335667-qbvmjf","didJustFinish":false,"engine":"expo-av-live-get","isBuffering":false,"isLoaded":true,"messageIndex":1,"phase":"status","playbackMode":"live-get/run-2","positionMillis":34000,"timestamp":"2026-06-05T20:13:04.096Z"}
 INFO  [voice-playback-diagnostics] {"attemptId":"expo-av-live-get-1780690335667-qbvmjf","didJustFinish":false,"engine":"expo-av-live-get","isBuffering":false,"isLoaded":true,"messageIndex":1,"phase":"status","playbackMode":"live-get/run-2","positionMillis":35000,"timestamp":"2026-06-05T20:13:05.096Z"}
 INFO  [voice-playback-diagnostics] {"attemptId":"expo-av-live-get-1780690335667-qbvmjf","didJustFinish":false,"engine":"expo-av-live-get","isBuffering":false,"isLoaded":true,"messageIndex":1,"phase":"status","playbackMode":"live-get/run-2","positionMillis":36000,"timestamp":"2026-06-05T20:13:06.096Z"}
 INFO  [voice-playback-diagnostics] {"attemptId":"expo-av-live-get-1780690335667-qbvmjf","didJustFinish":false,"engine":"expo-av-live-get","isBuffering":false,"isLoaded":true,"messageIndex":1,"phase":"status","playbackMode":"live-get/run-2","positionMillis":37000,"timestamp":"2026-06-05T20:13:07.096Z"}
 INFO  [voice-playback-diagnostics] {"attemptId":"expo-av-live-get-1780690335667-qbvmjf","didJustFinish":false,"engine":"expo-av-live-get","isBuffering":false,"isLoaded":true,"messageIndex":1,"phase":"status","playbackMode":"live-get/run-2","positionMillis":38000,"timestamp":"2026-06-05T20:13:08.096Z"}
 INFO  [voice-playback-diagnostics] {"attemptId":"expo-av-live-get-1780690335667-qbvmjf","didJustFinish":false,"engine":"expo-av-live-get","isBuffering":false,"isLoaded":true,"messageIndex":1,"phase":"status","playbackMode":"live-get/run-2","positionMillis":39000,"timestamp":"2026-06-05T20:13:09.096Z"}
 INFO  [voice-playback-diagnostics] {"attemptId":"expo-av-live-get-1780690335667-qbvmjf","didJustFinish":false,"engine":"expo-av-live-get","isBuffering":false,"isLoaded":true,"messageIndex":1,"phase":"status","playbackMode":"live-get/run-2","positionMillis":40000,"timestamp":"2026-06-05T20:13:10.096Z"}
 INFO  [voice-playback-diagnostics] {"attemptId":"expo-av-live-get-1780690335667-qbvmjf","didJustFinish":false,"engine":"expo-av-live-get","isBuffering":false,"isLoaded":true,"messageIndex":1,"phase":"status","playbackMode":"live-get/run-2","positionMillis":41000,"timestamp":"2026-06-05T20:13:11.096Z"}
 INFO  [voice-playback-diagnostics] {"attemptId":"expo-av-live-get-1780690335667-qbvmjf","didJustFinish":false,"engine":"expo-av-live-get","isBuffering":false,"isLoaded":true,"messageIndex":1,"phase":"status","playbackMode":"live-get/run-2","positionMillis":42000,"timestamp":"2026-06-05T20:13:12.096Z"}
 INFO  [voice-playback-diagnostics] {"attemptId":"expo-av-live-get-1780690335667-qbvmjf","didJustFinish":false,"engine":"expo-av-live-get","isBuffering":false,"isLoaded":true,"messageIndex":1,"phase":"status","playbackMode":"live-get/run-2","positionMillis":43000,"timestamp":"2026-06-05T20:13:13.096Z"}
 INFO  [voice-playback-diagnostics] {"attemptId":"expo-av-live-get-1780690335667-qbvmjf","didJustFinish":false,"engine":"expo-av-live-get","isBuffering":false,"isLoaded":true,"messageIndex":1,"phase":"status","playbackMode":"live-get/run-2","positionMillis":44000,"timestamp":"2026-06-05T20:13:14.096Z"}
 INFO  [voice-playback-diagnostics] {"attemptId":"expo-av-live-get-1780690335667-qbvmjf","didJustFinish":false,"engine":"expo-av-live-get","isBuffering":false,"isLoaded":true,"messageIndex":1,"phase":"status","playbackMode":"live-get/run-2","positionMillis":45000,"timestamp":"2026-06-05T20:13:15.096Z"}
 INFO  [voice-playback-diagnostics] {"attemptId":"expo-av-live-get-1780690335667-qbvmjf","didJustFinish":false,"engine":"expo-av-live-get","isBuffering":false,"isLoaded":true,"messageIndex":1,"phase":"status","playbackMode":"live-get/run-2","positionMillis":46000,"timestamp":"2026-06-05T20:13:16.096Z"}
 INFO  [voice-playback-diagnostics] {"attemptId":"expo-av-live-get-1780690335667-qbvmjf","didJustFinish":false,"engine":"expo-av-live-get","isBuffering":false,"isLoaded":true,"messageIndex":1,"phase":"status","playbackMode":"live-get/run-2","positionMillis":47000,"timestamp":"2026-06-05T20:13:17.096Z"}
 INFO  [voice-playback-diagnostics] {"attemptId":"expo-av-live-get-1780690335667-qbvmjf","didJustFinish":false,"engine":"expo-av-live-get","isBuffering":false,"isLoaded":true,"messageIndex":1,"phase":"status","playbackMode":"live-get/run-2","positionMillis":48000,"timestamp":"2026-06-05T20:13:18.096Z"}
 INFO  [voice-playback-diagnostics] {"attemptId":"expo-av-live-get-1780690335667-qbvmjf","didJustFinish":false,"engine":"expo-av-live-get","isBuffering":false,"isLoaded":true,"messageIndex":1,"phase":"status","playbackMode":"live-get/run-2","positionMillis":49000,"timestamp":"2026-06-05T20:13:19.096Z"}
 INFO  [voice-playback-diagnostics] {"attemptId":"expo-av-live-get-1780690335667-qbvmjf","didJustFinish":false,"engine":"expo-av-live-get","isBuffering":false,"isLoaded":true,"messageIndex":1,"phase":"status","playbackMode":"live-get/run-2","positionMillis":50000,"timestamp":"2026-06-05T20:13:20.096Z"}
 INFO  [voice-playback-diagnostics] {"attemptId":"expo-av-live-get-1780690335667-qbvmjf","didJustFinish":false,"engine":"expo-av-live-get","isBuffering":false,"isLoaded":true,"messageIndex":1,"phase":"status","playbackMode":"live-get/run-2","positionMillis":51000,"timestamp":"2026-06-05T20:13:21.096Z"}
 INFO  [voice-playback-diagnostics] {"attemptId":"expo-av-live-get-1780690335667-qbvmjf","didJustFinish":false,"engine":"expo-av-live-get","isBuffering":false,"isLoaded":true,"messageIndex":1,"phase":"status","playbackMode":"live-get/run-2","positionMillis":52000,"timestamp":"2026-06-05T20:13:22.096Z"}
 INFO  [voice-playback-diagnostics] {"attemptId":"expo-av-live-get-1780690335667-qbvmjf","didJustFinish":false,"engine":"expo-av-live-get","isBuffering":false,"isLoaded":true,"messageIndex":1,"phase":"status","playbackMode":"live-get/run-2","positionMillis":53000,"timestamp":"2026-06-05T20:13:23.096Z"}
 INFO  [voice-playback-diagnostics] {"attemptId":"expo-av-live-get-1780690335667-qbvmjf","didJustFinish":false,"engine":"expo-av-live-get","isBuffering":false,"isLoaded":true,"messageIndex":1,"phase":"status","playbackMode":"live-get/run-2","positionMillis":54000,"timestamp":"2026-06-05T20:13:24.096Z"}
 INFO  [voice-playback-diagnostics] {"attemptId":"expo-av-live-get-1780690335667-qbvmjf","didJustFinish":false,"engine":"expo-av-live-get","isBuffering":false,"isLoaded":true,"messageIndex":1,"phase":"status","playbackMode":"live-get/run-2","positionMillis":55000,"timestamp":"2026-06-05T20:13:25.096Z"}
 INFO  [voice-playback-diagnostics] {"attemptId":"expo-av-live-get-1780690335667-qbvmjf","didJustFinish":false,"engine":"expo-av-live-get","isBuffering":false,"isLoaded":true,"messageIndex":1,"phase":"status","playbackMode":"live-get/run-2","positionMillis":56000,"timestamp":"2026-06-05T20:13:26.096Z"}
 INFO  [voice-playback-diagnostics] {"attemptId":"expo-av-live-get-1780690335667-qbvmjf","didJustFinish":false,"engine":"expo-av-live-get","isBuffering":false,"isLoaded":true,"messageIndex":1,"phase":"status","playbackMode":"live-get/run-2","positionMillis":57000,"timestamp":"2026-06-05T20:13:27.096Z"}
 INFO  [voice-playback-diagnostics] {"attemptId":"expo-av-live-get-1780690335667-qbvmjf","didJustFinish":false,"engine":"expo-av-live-get","isBuffering":false,"isLoaded":true,"messageIndex":1,"phase":"status","playbackMode":"live-get/run-2","positionMillis":58000,"timestamp":"2026-06-05T20:13:28.096Z"}
 INFO  [voice-playback-diagnostics] {"attemptId":"expo-av-live-get-1780690335667-qbvmjf","didJustFinish":false,"engine":"expo-av-live-get","isBuffering":false,"isLoaded":true,"messageIndex":1,"phase":"status","playbackMode":"live-get/run-2","positionMillis":59000,"timestamp":"2026-06-05T20:13:29.096Z"}
 INFO  [voice-playback-diagnostics] {"attemptId":"expo-av-live-get-1780690335667-qbvmjf","didJustFinish":false,"engine":"expo-av-live-get","isBuffering":false,"isLoaded":true,"messageIndex":1,"phase":"status","playbackMode":"live-get/run-2","positionMillis":60000,"timestamp":"2026-06-05T20:13:30.096Z"}
 INFO  [voice-playback-diagnostics] {"attemptId":"expo-av-live-get-1780690335667-qbvmjf","didJustFinish":false,"engine":"expo-av-live-get","isBuffering":false,"isLoaded":true,"messageIndex":1,"phase":"status","playbackMode":"live-get/run-2","positionMillis":61000,"timestamp":"2026-06-05T20:13:31.096Z"}
 INFO  [voice-playback-diagnostics] {"attemptId":"expo-av-live-get-1780690335667-qbvmjf","didJustFinish":false,"engine":"expo-av-live-get","isBuffering":false,"isLoaded":true,"messageIndex":1,"phase":"status","playbackMode":"live-get/run-2","positionMillis":62000,"timestamp":"2026-06-05T20:13:32.096Z"}
 INFO  [voice-playback-diagnostics] {"attemptId":"expo-av-live-get-1780690335667-qbvmjf","didJustFinish":false,"engine":"expo-av-live-get","isBuffering":false,"isLoaded":true,"messageIndex":1,"phase":"status","playbackMode":"live-get/run-2","positionMillis":63000,"timestamp":"2026-06-05T20:13:33.096Z"}
 INFO  [voice-playback-diagnostics] {"attemptId":"expo-av-live-get-1780690335667-qbvmjf","didJustFinish":false,"engine":"expo-av-live-get","isBuffering":false,"isLoaded":true,"messageIndex":1,"phase":"status","playbackMode":"live-get/run-2","positionMillis":64000,"timestamp":"2026-06-05T20:13:34.096Z"}
 INFO  [voice-playback-diagnostics] {"attemptId":"expo-av-live-get-1780690335667-qbvmjf","didJustFinish":false,"engine":"expo-av-live-get","isBuffering":false,"isLoaded":true,"messageIndex":1,"phase":"status","playbackMode":"live-get/run-2","positionMillis":65000,"timestamp":"2026-06-05T20:13:35.096Z"}
 INFO  [voice-playback-diagnostics] {"attemptId":"expo-av-live-get-1780690335667-qbvmjf","didJustFinish":false,"engine":"expo-av-live-get","isBuffering":false,"isLoaded":true,"messageIndex":1,"phase":"status","playbackMode":"live-get/run-2","positionMillis":66000,"timestamp":"2026-06-05T20:13:36.096Z"}
 INFO  [voice-playback-diagnostics] {"attemptId":"expo-av-live-get-1780690335667-qbvmjf","didJustFinish":false,"engine":"expo-av-live-get","isBuffering":false,"isLoaded":true,"messageIndex":1,"phase":"status","playbackMode":"live-get/run-2","positionMillis":67000,"timestamp":"2026-06-05T20:13:37.096Z"}
[MediaToolbox] <<HLS-FASB>> signalled err=-15514 at <>:1042
 INFO  [voice-playback-diagnostics] {"attemptId":"expo-av-live-get-1780690335667-qbvmjf","didJustFinish":false,"engine":"expo-av-live-get","isBuffering":false,"isLoaded":true,"messageIndex":1,"phase":"status","playbackMode":"live-get/run-2","positionMillis":67430,"timestamp":"2026-06-05T20:13:37.526Z"}
[MediaToolbox] <<HLS-FASB>> signalled err=-15514 at <>:1042
[MediaToolbox] <<HLS-FASB>> signalled err=-15514 at <>:991
[MediaToolbox] <<HLS-FASB>> signalled err=-15514 at <>:991
[MediaToolbox] <<HLS-FASB>> signalled err=-15514 at <>:1042
[MediaToolbox] <<HLS-FASB>> signalled err=-15514 at <>:1042
[MediaToolbox] (Fig) signalled err=-12785 at <>:1469
[MediaToolbox] <<<< ICY PUMP >>>> signalled err=-12785 at <>:1427
[MediaToolbox] <<<< ICY PUMP >>>> signalled err=-12785 at <>:1427
[MediaToolbox] <<<< FIM >>>> signalled err=-16042 at <>:2634
 INFO  [voice-playback-diagnostics] {"attemptId":"expo-av-live-get-1780690335667-qbvmjf","didJustFinish":true,"engine":"expo-av-live-get","isBuffering":false,"isLoaded":true,"messageIndex":1,"phase":"status","playbackMode":"live-get/run-2","positionMillis":67430,"timestamp":"2026-06-05T20:13:37.546Z"}
 INFO  [voice-playback-diagnostics] {"attemptId":"expo-av-live-get-1780690335667-qbvmjf","engine":"expo-av-live-get","messageIndex":1,"phase":"finish","playbackMode":"live-get/run-2","positionMillis":67430,"timestamp":"2026-06-05T20:13:37.566Z"}
 INFO  [voice-playback-diagnostics] {"attemptId":"expo-av-live-get-1780690417606-uk3zm4","engine":"expo-av-live-get","messageIndex":1,"phase":"create","playbackMode":"live-get/run-3","timestamp":"2026-06-05T20:13:37.606Z"}
 INFO  [voice-playback-diagnostics] {"attemptId":"expo-av-live-get-1780690417606-uk3zm4","engine":"expo-av-live-get","httpStatus":200,"messageIndex":1,"phase":"fetch","playbackMode":"probe-get/run-3/audio/mpeg","timestamp":"2026-06-05T20:13:48.869Z"}
[CoreMedia] <<< timebase >>> signalled err=-12753 at <>:3981
[MediaToolbox] <<<< FigStreamPlayer >>>> signalled err=-12860 at <>:29920
[MediaToolbox] <<<< ICY PUMP >>>> signalled err=-12640 at <>:1512
[MediaToolbox] <<<< ICY PUMP >>>> signalled err=-12640 at <>:1512
[MediaToolbox] <<<< ICY PUMP >>>> signalled err=-12640 at <>:1512
[MediaToolbox] <<<< ICY PUMP >>>> signalled err=-12640 at <>:1512
[MediaToolbox] <<<< ICY PUMP >>>> signalled err=-12640 at <>:1512
[MediaToolbox] <<<< ICY PUMP >>>> signalled err=-12640 at <>:1512
[MediaToolbox] <<<< ICY PUMP >>>> signalled err=-12640 at <>:1512
[MediaToolbox] <<HLS-FASB>> signalled err=-15514 at <>:1053
[CoreMedia] <<< timebase >>> signalled err=-12753 at <>:3981
[MediaToolbox] <<<< FigStreamPlayer >>>> signalled err=-12783 at <>:63418
[CoreMedia] <<< timebase >>> signalled err=-12753 at <>:3981
[MediaToolbox] <<<< FigStreamPlayer >>>> signalled err=-12783 at <>:63418
[MediaToolbox] <<<< FigStreamPlayer >>>> signalled err=-12783 at <>:63418
[AudioToolbox]        LoudnessManager.mm:1215  IsHardwareSupported: no plist
loaded, returning false
[AudioToolbox]        LoudnessManager.mm:1215  IsHardwareSupported: no plist
loaded, returning false
[AudioToolbox]        LoudnessManager.mm:1215  IsHardwareSupported: no plist
loaded, returning false
[MediaToolbox] <<HLS-FASB>> signalled err=-15514 at <>:1042
[MediaToolbox] metricevent_subscriber signalled err=-19772 at <>:364
[AudioToolbox]        LoudnessManager.mm:1215  IsHardwareSupported: no plist
loaded, returning false
[AudioToolbox]        LoudnessManager.mm:1215  IsHardwareSupported: no plist
loaded, returning false
[AudioToolbox]        LoudnessManager.mm:1215  IsHardwareSupported: no plist
loaded, returning false
[MediaToolbox] <<HLS-FASB>> signalled err=-15514 at <>:1042
[MediaToolbox] <<HLS-FASB>> signalled err=-15514 at <>:1042
 INFO  [voice-playback-diagnostics] {"attemptId":"expo-av-live-get-1780690417606-uk3zm4","didJustFinish":false,"engine":"expo-av-live-get","isBuffering":true,"isLoaded":true,"messageIndex":1,"phase":"status","playbackMode":"live-get/run-3","positionMillis":0,"timestamp":"2026-06-05T20:14:00.544Z"}
 INFO  [voice-playback-diagnostics] {"attemptId":"expo-av-live-get-1780690417606-uk3zm4","engine":"expo-av-live-get","messageIndex":1,"phase":"play","playbackMode":"live-get/run-3","timestamp":"2026-06-05T20:14:00.564Z"}
 INFO  [voice-playback-diagnostics] {"attemptId":"expo-av-live-get-1780690417606-uk3zm4","didJustFinish":false,"engine":"expo-av-live-get","isBuffering":true,"isLoaded":true,"messageIndex":1,"phase":"status","playbackMode":"live-get/run-3","positionMillis":0,"timestamp":"2026-06-05T20:14:00.582Z"}
 INFO  [voice-playback-diagnostics] {"attemptId":"expo-av-live-get-1780690417606-uk3zm4","didJustFinish":false,"engine":"expo-av-live-get","isBuffering":false,"isLoaded":true,"messageIndex":1,"phase":"status","playbackMode":"live-get/run-3","positionMillis":0,"timestamp":"2026-06-05T20:14:00.600Z"}
 INFO  [voice-playback-diagnostics] {"attemptId":"expo-av-live-get-1780690417606-uk3zm4","didJustFinish":false,"engine":"expo-av-live-get","isBuffering":false,"isLoaded":true,"messageIndex":1,"phase":"status","playbackMode":"live-get/run-3","positionMillis":1000,"timestamp":"2026-06-05T20:14:01.614Z"}
 INFO  [voice-playback-diagnostics] {"attemptId":"expo-av-live-get-1780690417606-uk3zm4","didJustFinish":false,"engine":"expo-av-live-get","isBuffering":false,"isLoaded":true,"messageIndex":1,"phase":"status","playbackMode":"live-get/run-3","positionMillis":2000,"timestamp":"2026-06-05T20:14:02.614Z"}
 INFO  [voice-playback-diagnostics] {"attemptId":"expo-av-live-get-1780690417606-uk3zm4","didJustFinish":false,"engine":"expo-av-live-get","isBuffering":false,"isLoaded":true,"messageIndex":1,"phase":"status","playbackMode":"live-get/run-3","positionMillis":3000,"timestamp":"2026-06-05T20:14:03.614Z"}
 INFO  [voice-playback-diagnostics] {"attemptId":"expo-av-live-get-1780690417606-uk3zm4","didJustFinish":false,"engine":"expo-av-live-get","isBuffering":false,"isLoaded":true,"messageIndex":1,"phase":"status","playbackMode":"live-get/run-3","positionMillis":4000,"timestamp":"2026-06-05T20:14:04.614Z"}
 INFO  [voice-playback-diagnostics] {"attemptId":"expo-av-live-get-1780690417606-uk3zm4","didJustFinish":false,"engine":"expo-av-live-get","isBuffering":false,"isLoaded":true,"messageIndex":1,"phase":"status","playbackMode":"live-get/run-3","positionMillis":5000,"timestamp":"2026-06-05T20:14:05.614Z"}
 INFO  [voice-playback-diagnostics] {"attemptId":"expo-av-live-get-1780690417606-uk3zm4","didJustFinish":false,"engine":"expo-av-live-get","isBuffering":false,"isLoaded":true,"messageIndex":1,"phase":"status","playbackMode":"live-get/run-3","positionMillis":6000,"timestamp":"2026-06-05T20:14:06.614Z"}
 INFO  [voice-playback-diagnostics] {"attemptId":"expo-av-live-get-1780690417606-uk3zm4","didJustFinish":false,"engine":"expo-av-live-get","isBuffering":false,"isLoaded":true,"messageIndex":1,"phase":"status","playbackMode":"live-get/run-3","positionMillis":7000,"timestamp":"2026-06-05T20:14:07.614Z"}
 INFO  [voice-playback-diagnostics] {"attemptId":"expo-av-live-get-1780690417606-uk3zm4","didJustFinish":false,"engine":"expo-av-live-get","isBuffering":false,"isLoaded":true,"messageIndex":1,"phase":"status","playbackMode":"live-get/run-3","positionMillis":8000,"timestamp":"2026-06-05T20:14:08.614Z"}
 INFO  [voice-playback-diagnostics] {"attemptId":"expo-av-live-get-1780690417606-uk3zm4","didJustFinish":false,"engine":"expo-av-live-get","isBuffering":false,"isLoaded":true,"messageIndex":1,"phase":"status","playbackMode":"live-get/run-3","positionMillis":9000,"timestamp":"2026-06-05T20:14:09.614Z"}
 INFO  [voice-playback-diagnostics] {"attemptId":"expo-av-live-get-1780690417606-uk3zm4","didJustFinish":false,"engine":"expo-av-live-get","isBuffering":false,"isLoaded":true,"messageIndex":1,"phase":"status","playbackMode":"live-get/run-3","positionMillis":10000,"timestamp":"2026-06-05T20:14:10.614Z"}
 INFO  [voice-playback-diagnostics] {"attemptId":"expo-av-live-get-1780690417606-uk3zm4","didJustFinish":false,"engine":"expo-av-live-get","isBuffering":false,"isLoaded":true,"messageIndex":1,"phase":"status","playbackMode":"live-get/run-3","positionMillis":11000,"timestamp":"2026-06-05T20:14:11.614Z"}
 INFO  [voice-playback-diagnostics] {"attemptId":"expo-av-live-get-1780690417606-uk3zm4","didJustFinish":false,"engine":"expo-av-live-get","isBuffering":false,"isLoaded":true,"messageIndex":1,"phase":"status","playbackMode":"live-get/run-3","positionMillis":12000,"timestamp":"2026-06-05T20:14:12.614Z"}
 INFO  [voice-playback-diagnostics] {"attemptId":"expo-av-live-get-1780690417606-uk3zm4","didJustFinish":false,"engine":"expo-av-live-get","isBuffering":false,"isLoaded":true,"messageIndex":1,"phase":"status","playbackMode":"live-get/run-3","positionMillis":13000,"timestamp":"2026-06-05T20:14:13.614Z"}
 INFO  [voice-playback-diagnostics] {"attemptId":"expo-av-live-get-1780690417606-uk3zm4","didJustFinish":false,"engine":"expo-av-live-get","isBuffering":false,"isLoaded":true,"messageIndex":1,"phase":"status","playbackMode":"live-get/run-3","positionMillis":14000,"timestamp":"2026-06-05T20:14:14.614Z"}
 INFO  [voice-playback-diagnostics] {"attemptId":"expo-av-live-get-1780690417606-uk3zm4","didJustFinish":false,"engine":"expo-av-live-get","isBuffering":false,"isLoaded":true,"messageIndex":1,"phase":"status","playbackMode":"live-get/run-3","positionMillis":15000,"timestamp":"2026-06-05T20:14:15.614Z"}
 INFO  [voice-playback-diagnostics] {"attemptId":"expo-av-live-get-1780690417606-uk3zm4","didJustFinish":false,"engine":"expo-av-live-get","isBuffering":false,"isLoaded":true,"messageIndex":1,"phase":"status","playbackMode":"live-get/run-3","positionMillis":16000,"timestamp":"2026-06-05T20:14:16.614Z"}
 INFO  [voice-playback-diagnostics] {"attemptId":"expo-av-live-get-1780690417606-uk3zm4","didJustFinish":false,"engine":"expo-av-live-get","isBuffering":false,"isLoaded":true,"messageIndex":1,"phase":"status","playbackMode":"live-get/run-3","positionMillis":17000,"timestamp":"2026-06-05T20:14:17.614Z"}
 INFO  [voice-playback-diagnostics] {"attemptId":"expo-av-live-get-1780690417606-uk3zm4","didJustFinish":false,"engine":"expo-av-live-get","isBuffering":false,"isLoaded":true,"messageIndex":1,"phase":"status","playbackMode":"live-get/run-3","positionMillis":18000,"timestamp":"2026-06-05T20:14:18.614Z"}
 INFO  [voice-playback-diagnostics] {"attemptId":"expo-av-live-get-1780690417606-uk3zm4","didJustFinish":false,"engine":"expo-av-live-get","isBuffering":false,"isLoaded":true,"messageIndex":1,"phase":"status","playbackMode":"live-get/run-3","positionMillis":19000,"timestamp":"2026-06-05T20:14:19.614Z"}
 INFO  [voice-playback-diagnostics] {"attemptId":"expo-av-live-get-1780690417606-uk3zm4","didJustFinish":false,"engine":"expo-av-live-get","isBuffering":false,"isLoaded":true,"messageIndex":1,"phase":"status","playbackMode":"live-get/run-3","positionMillis":20000,"timestamp":"2026-06-05T20:14:20.614Z"}
 INFO  [voice-playback-diagnostics] {"attemptId":"expo-av-live-get-1780690417606-uk3zm4","didJustFinish":false,"engine":"expo-av-live-get","isBuffering":false,"isLoaded":true,"messageIndex":1,"phase":"status","playbackMode":"live-get/run-3","positionMillis":21000,"timestamp":"2026-06-05T20:14:21.614Z"}
 INFO  [voice-playback-diagnostics] {"attemptId":"expo-av-live-get-1780690417606-uk3zm4","didJustFinish":false,"engine":"expo-av-live-get","isBuffering":false,"isLoaded":true,"messageIndex":1,"phase":"status","playbackMode":"live-get/run-3","positionMillis":22000,"timestamp":"2026-06-05T20:14:22.614Z"}
 INFO  [voice-playback-diagnostics] {"attemptId":"expo-av-live-get-1780690417606-uk3zm4","didJustFinish":false,"engine":"expo-av-live-get","isBuffering":false,"isLoaded":true,"messageIndex":1,"phase":"status","playbackMode":"live-get/run-3","positionMillis":23000,"timestamp":"2026-06-05T20:14:23.614Z"}
[MediaToolbox] <<HLS-FASB>> signalled err=-15514 at <>:1042
[MediaToolbox] <<HLS-FASB>> signalled err=-15514 at <>:1042
[MediaToolbox] <<HLS-FASB>> signalled err=-15514 at <>:1042
[MediaToolbox] <<<< ICY PUMP >>>> signalled err=-12640 at <>:1512
[MediaToolbox] <<<< ICY PUMP >>>> signalled err=-12640 at <>:1512
[MediaToolbox] <<<< ICY PUMP >>>> signalled err=-12640 at <>:1512
[MediaToolbox] <<<< ICY PUMP >>>> signalled err=-12640 at <>:1512
[MediaToolbox] <<<< ICY PUMP >>>> signalled err=-12640 at <>:1512
[MediaToolbox] <<<< ICY PUMP >>>> signalled err=-12640 at <>:1512
[MediaToolbox] <<<< ICY PUMP >>>> signalled err=-12640 at <>:1512
[MediaToolbox] <<HLS-FASB>> signalled err=-15514 at <>:1053
 INFO  [voice-playback-diagnostics] {"attemptId":"expo-av-live-get-1780690417606-uk3zm4","didJustFinish":false,"engine":"expo-av-live-get","isBuffering":false,"isLoaded":true,"messageIndex":1,"phase":"status","playbackMode":"live-get/run-3","positionMillis":24000,"timestamp":"2026-06-05T20:14:24.614Z"}
[AudioToolbox]        LoudnessManager.mm:1215  IsHardwareSupported: no plist
loaded, returning false
[AudioToolbox]        LoudnessManager.mm:1215  IsHardwareSupported: no plist
loaded, returning false
[AudioToolbox]        LoudnessManager.mm:1215  IsHardwareSupported: no plist
loaded, returning false
 INFO  [voice-playback-diagnostics] {"attemptId":"expo-av-live-get-1780690417606-uk3zm4","didJustFinish":false,"engine":"expo-av-live-get","isBuffering":false,"isLoaded":true,"messageIndex":1,"phase":"status","playbackMode":"live-get/run-3","positionMillis":25000,"timestamp":"2026-06-05T20:14:25.614Z"}
[MediaToolbox] metricevent_subscriber signalled err=-19772 at <>:364
 INFO  [voice-playback-diagnostics] {"attemptId":"expo-av-live-get-1780690417606-uk3zm4","didJustFinish":false,"engine":"expo-av-live-get","isBuffering":false,"isLoaded":true,"messageIndex":1,"phase":"status","playbackMode":"live-get/run-3","positionMillis":26000,"timestamp":"2026-06-05T20:14:26.614Z"}
 INFO  [voice-playback-diagnostics] {"attemptId":"expo-av-live-get-1780690417606-uk3zm4","didJustFinish":false,"engine":"expo-av-live-get","isBuffering":false,"isLoaded":true,"messageIndex":1,"phase":"status","playbackMode":"live-get/run-3","positionMillis":27000,"timestamp":"2026-06-05T20:14:27.614Z"}
 INFO  [voice-playback-diagnostics] {"attemptId":"expo-av-live-get-1780690417606-uk3zm4","didJustFinish":false,"engine":"expo-av-live-get","isBuffering":false,"isLoaded":true,"messageIndex":1,"phase":"status","playbackMode":"live-get/run-3","positionMillis":28000,"timestamp":"2026-06-05T20:14:28.614Z"}
 INFO  [voice-playback-diagnostics] {"attemptId":"expo-av-live-get-1780690417606-uk3zm4","didJustFinish":false,"engine":"expo-av-live-get","isBuffering":false,"isLoaded":true,"messageIndex":1,"phase":"status","playbackMode":"live-get/run-3","positionMillis":29000,"timestamp":"2026-06-05T20:14:29.614Z"}
 INFO  [voice-playback-diagnostics] {"attemptId":"expo-av-live-get-1780690417606-uk3zm4","didJustFinish":false,"engine":"expo-av-live-get","isBuffering":false,"isLoaded":true,"messageIndex":1,"phase":"status","playbackMode":"live-get/run-3","positionMillis":30000,"timestamp":"2026-06-05T20:14:30.615Z"}
 INFO  [voice-playback-diagnostics] {"attemptId":"expo-av-live-get-1780690417606-uk3zm4","didJustFinish":false,"engine":"expo-av-live-get","isBuffering":false,"isLoaded":true,"messageIndex":1,"phase":"status","playbackMode":"live-get/run-3","positionMillis":31000,"timestamp":"2026-06-05T20:14:31.614Z"}
 INFO  [voice-playback-diagnostics] {"attemptId":"expo-av-live-get-1780690417606-uk3zm4","didJustFinish":false,"engine":"expo-av-live-get","isBuffering":false,"isLoaded":true,"messageIndex":1,"phase":"status","playbackMode":"live-get/run-3","positionMillis":32000,"timestamp":"2026-06-05T20:14:32.615Z"}
 INFO  [voice-playback-diagnostics] {"attemptId":"expo-av-live-get-1780690417606-uk3zm4","didJustFinish":false,"engine":"expo-av-live-get","isBuffering":false,"isLoaded":true,"messageIndex":1,"phase":"status","playbackMode":"live-get/run-3","positionMillis":33000,"timestamp":"2026-06-05T20:14:33.615Z"}
 INFO  [voice-playback-diagnostics] {"attemptId":"expo-av-live-get-1780690417606-uk3zm4","didJustFinish":false,"engine":"expo-av-live-get","isBuffering":false,"isLoaded":true,"messageIndex":1,"phase":"status","playbackMode":"live-get/run-3","positionMillis":34000,"timestamp":"2026-06-05T20:14:34.614Z"}
 INFO  [voice-playback-diagnostics] {"attemptId":"expo-av-live-get-1780690417606-uk3zm4","didJustFinish":false,"engine":"expo-av-live-get","isBuffering":false,"isLoaded":true,"messageIndex":1,"phase":"status","playbackMode":"live-get/run-3","positionMillis":35000,"timestamp":"2026-06-05T20:14:35.615Z"}
 INFO  [voice-playback-diagnostics] {"attemptId":"expo-av-live-get-1780690417606-uk3zm4","didJustFinish":false,"engine":"expo-av-live-get","isBuffering":false,"isLoaded":true,"messageIndex":1,"phase":"status","playbackMode":"live-get/run-3","positionMillis":36000,"timestamp":"2026-06-05T20:14:36.615Z"}
 INFO  [voice-playback-diagnostics] {"attemptId":"expo-av-live-get-1780690417606-uk3zm4","didJustFinish":false,"engine":"expo-av-live-get","isBuffering":false,"isLoaded":true,"messageIndex":1,"phase":"status","playbackMode":"live-get/run-3","positionMillis":37000,"timestamp":"2026-06-05T20:14:37.614Z"}
 INFO  [voice-playback-diagnostics] {"attemptId":"expo-av-live-get-1780690417606-uk3zm4","didJustFinish":false,"engine":"expo-av-live-get","isBuffering":false,"isLoaded":true,"messageIndex":1,"phase":"status","playbackMode":"live-get/run-3","positionMillis":38000,"timestamp":"2026-06-05T20:14:38.614Z"}
 INFO  [voice-playback-diagnostics] {"attemptId":"expo-av-live-get-1780690417606-uk3zm4","didJustFinish":false,"engine":"expo-av-live-get","isBuffering":false,"isLoaded":true,"messageIndex":1,"phase":"status","playbackMode":"live-get/run-3","positionMillis":39000,"timestamp":"2026-06-05T20:14:39.614Z"}
 INFO  [voice-playback-diagnostics] {"attemptId":"expo-av-live-get-1780690417606-uk3zm4","didJustFinish":false,"engine":"expo-av-live-get","isBuffering":false,"isLoaded":true,"messageIndex":1,"phase":"status","playbackMode":"live-get/run-3","positionMillis":40000,"timestamp":"2026-06-05T20:14:40.614Z"}
 INFO  [voice-playback-diagnostics] {"attemptId":"expo-av-live-get-1780690417606-uk3zm4","didJustFinish":false,"engine":"expo-av-live-get","isBuffering":false,"isLoaded":true,"messageIndex":1,"phase":"status","playbackMode":"live-get/run-3","positionMillis":41000,"timestamp":"2026-06-05T20:14:41.614Z"}
 INFO  [voice-playback-diagnostics] {"attemptId":"expo-av-live-get-1780690417606-uk3zm4","didJustFinish":false,"engine":"expo-av-live-get","isBuffering":false,"isLoaded":true,"messageIndex":1,"phase":"status","playbackMode":"live-get/run-3","positionMillis":42000,"timestamp":"2026-06-05T20:14:42.615Z"}
 INFO  [voice-playback-diagnostics] {"attemptId":"expo-av-live-get-1780690417606-uk3zm4","didJustFinish":false,"engine":"expo-av-live-get","isBuffering":false,"isLoaded":true,"messageIndex":1,"phase":"status","playbackMode":"live-get/run-3","positionMillis":43000,"timestamp":"2026-06-05T20:14:43.615Z"}
 INFO  [voice-playback-diagnostics] {"attemptId":"expo-av-live-get-1780690417606-uk3zm4","didJustFinish":false,"engine":"expo-av-live-get","isBuffering":false,"isLoaded":true,"messageIndex":1,"phase":"status","playbackMode":"live-get/run-3","positionMillis":44000,"timestamp":"2026-06-05T20:14:44.615Z"}
 INFO  [voice-playback-diagnostics] {"attemptId":"expo-av-live-get-1780690417606-uk3zm4","didJustFinish":false,"engine":"expo-av-live-get","isBuffering":false,"isLoaded":true,"messageIndex":1,"phase":"status","playbackMode":"live-get/run-3","positionMillis":45000,"timestamp":"2026-06-05T20:14:45.615Z"}
 INFO  [voice-playback-diagnostics] {"attemptId":"expo-av-live-get-1780690417606-uk3zm4","didJustFinish":false,"engine":"expo-av-live-get","isBuffering":false,"isLoaded":true,"messageIndex":1,"phase":"status","playbackMode":"live-get/run-3","positionMillis":46000,"timestamp":"2026-06-05T20:14:46.615Z"}
 INFO  [voice-playback-diagnostics] {"attemptId":"expo-av-live-get-1780690417606-uk3zm4","didJustFinish":false,"engine":"expo-av-live-get","isBuffering":false,"isLoaded":true,"messageIndex":1,"phase":"status","playbackMode":"live-get/run-3","positionMillis":47000,"timestamp":"2026-06-05T20:14:47.615Z"}
 INFO  [voice-playback-diagnostics] {"attemptId":"expo-av-live-get-1780690417606-uk3zm4","didJustFinish":false,"engine":"expo-av-live-get","isBuffering":false,"isLoaded":true,"messageIndex":1,"phase":"status","playbackMode":"live-get/run-3","positionMillis":48000,"timestamp":"2026-06-05T20:14:48.614Z"}
 INFO  [voice-playback-diagnostics] {"attemptId":"expo-av-live-get-1780690417606-uk3zm4","didJustFinish":false,"engine":"expo-av-live-get","isBuffering":false,"isLoaded":true,"messageIndex":1,"phase":"status","playbackMode":"live-get/run-3","positionMillis":49000,"timestamp":"2026-06-05T20:14:49.615Z"}
 INFO  [voice-playback-diagnostics] {"attemptId":"expo-av-live-get-1780690417606-uk3zm4","didJustFinish":false,"engine":"expo-av-live-get","isBuffering":false,"isLoaded":true,"messageIndex":1,"phase":"status","playbackMode":"live-get/run-3","positionMillis":50000,"timestamp":"2026-06-05T20:14:50.614Z"}
 INFO  [voice-playback-diagnostics] {"attemptId":"expo-av-live-get-1780690417606-uk3zm4","didJustFinish":false,"engine":"expo-av-live-get","isBuffering":false,"isLoaded":true,"messageIndex":1,"phase":"status","playbackMode":"live-get/run-3","positionMillis":51000,"timestamp":"2026-06-05T20:14:51.615Z"}
 INFO  [voice-playback-diagnostics] {"attemptId":"expo-av-live-get-1780690417606-uk3zm4","didJustFinish":false,"engine":"expo-av-live-get","isBuffering":false,"isLoaded":true,"messageIndex":1,"phase":"status","playbackMode":"live-get/run-3","positionMillis":52000,"timestamp":"2026-06-05T20:14:52.615Z"}
 INFO  [voice-playback-diagnostics] {"attemptId":"expo-av-live-get-1780690417606-uk3zm4","didJustFinish":false,"engine":"expo-av-live-get","isBuffering":false,"isLoaded":true,"messageIndex":1,"phase":"status","playbackMode":"live-get/run-3","positionMillis":53000,"timestamp":"2026-06-05T20:14:53.615Z"}
 INFO  [voice-playback-diagnostics] {"attemptId":"expo-av-live-get-1780690417606-uk3zm4","didJustFinish":false,"engine":"expo-av-live-get","isBuffering":false,"isLoaded":true,"messageIndex":1,"phase":"status","playbackMode":"live-get/run-3","positionMillis":54000,"timestamp":"2026-06-05T20:14:54.615Z"}
 INFO  [voice-playback-diagnostics] {"attemptId":"expo-av-live-get-1780690417606-uk3zm4","didJustFinish":false,"engine":"expo-av-live-get","isBuffering":false,"isLoaded":true,"messageIndex":1,"phase":"status","playbackMode":"live-get/run-3","positionMillis":55000,"timestamp":"2026-06-05T20:14:55.615Z"}
 INFO  [voice-playback-diagnostics] {"attemptId":"expo-av-live-get-1780690417606-uk3zm4","didJustFinish":false,"engine":"expo-av-live-get","isBuffering":false,"isLoaded":true,"messageIndex":1,"phase":"status","playbackMode":"live-get/run-3","positionMillis":56000,"timestamp":"2026-06-05T20:14:56.615Z"}
 INFO  [voice-playback-diagnostics] {"attemptId":"expo-av-live-get-1780690417606-uk3zm4","didJustFinish":false,"engine":"expo-av-live-get","isBuffering":false,"isLoaded":true,"messageIndex":1,"phase":"status","playbackMode":"live-get/run-3","positionMillis":57000,"timestamp":"2026-06-05T20:14:57.615Z"}
 INFO  [voice-playback-diagnostics] {"attemptId":"expo-av-live-get-1780690417606-uk3zm4","didJustFinish":false,"engine":"expo-av-live-get","isBuffering":false,"isLoaded":true,"messageIndex":1,"phase":"status","playbackMode":"live-get/run-3","positionMillis":58000,"timestamp":"2026-06-05T20:14:58.615Z"}
 INFO  [voice-playback-diagnostics] {"attemptId":"expo-av-live-get-1780690417606-uk3zm4","didJustFinish":false,"engine":"expo-av-live-get","isBuffering":false,"isLoaded":true,"messageIndex":1,"phase":"status","playbackMode":"live-get/run-3","positionMillis":59000,"timestamp":"2026-06-05T20:14:59.615Z"}
 INFO  [voice-playback-diagnostics] {"attemptId":"expo-av-live-get-1780690417606-uk3zm4","didJustFinish":false,"engine":"expo-av-live-get","isBuffering":false,"isLoaded":true,"messageIndex":1,"phase":"status","playbackMode":"live-get/run-3","positionMillis":60000,"timestamp":"2026-06-05T20:15:00.615Z"}
 INFO  [voice-playback-diagnostics] {"attemptId":"expo-av-live-get-1780690417606-uk3zm4","didJustFinish":false,"engine":"expo-av-live-get","isBuffering":false,"isLoaded":true,"messageIndex":1,"phase":"status","playbackMode":"live-get/run-3","positionMillis":61000,"timestamp":"2026-06-05T20:15:01.615Z"}
 INFO  [voice-playback-diagnostics] {"attemptId":"expo-av-live-get-1780690417606-uk3zm4","didJustFinish":false,"engine":"expo-av-live-get","isBuffering":false,"isLoaded":true,"messageIndex":1,"phase":"status","playbackMode":"live-get/run-3","positionMillis":62000,"timestamp":"2026-06-05T20:15:02.615Z"}
 INFO  [voice-playback-diagnostics] {"attemptId":"expo-av-live-get-1780690417606-uk3zm4","didJustFinish":false,"engine":"expo-av-live-get","isBuffering":false,"isLoaded":true,"messageIndex":1,"phase":"status","playbackMode":"live-get/run-3","positionMillis":63000,"timestamp":"2026-06-05T20:15:03.615Z"}
 INFO  [voice-playback-diagnostics] {"attemptId":"expo-av-live-get-1780690417606-uk3zm4","didJustFinish":false,"engine":"expo-av-live-get","isBuffering":false,"isLoaded":true,"messageIndex":1,"phase":"status","playbackMode":"live-get/run-3","positionMillis":64000,"timestamp":"2026-06-05T20:15:04.615Z"}
 INFO  [voice-playback-diagnostics] {"attemptId":"expo-av-live-get-1780690417606-uk3zm4","didJustFinish":false,"engine":"expo-av-live-get","isBuffering":false,"isLoaded":true,"messageIndex":1,"phase":"status","playbackMode":"live-get/run-3","positionMillis":65000,"timestamp":"2026-06-05T20:15:05.615Z"}
 INFO  [voice-playback-diagnostics] {"attemptId":"expo-av-live-get-1780690417606-uk3zm4","didJustFinish":false,"engine":"expo-av-live-get","isBuffering":false,"isLoaded":true,"messageIndex":1,"phase":"status","playbackMode":"live-get/run-3","positionMillis":66000,"timestamp":"2026-06-05T20:15:06.615Z"}
 INFO  [voice-playback-diagnostics] {"attemptId":"expo-av-live-get-1780690417606-uk3zm4","didJustFinish":false,"engine":"expo-av-live-get","isBuffering":false,"isLoaded":true,"messageIndex":1,"phase":"status","playbackMode":"live-get/run-3","positionMillis":67000,"timestamp":"2026-06-05T20:15:07.615Z"}
 INFO  [voice-playback-diagnostics] {"attemptId":"expo-av-live-get-1780690417606-uk3zm4","didJustFinish":false,"engine":"expo-av-live-get","isBuffering":false,"isLoaded":true,"messageIndex":1,"phase":"status","playbackMode":"live-get/run-3","positionMillis":68000,"timestamp":"2026-06-05T20:15:08.615Z"}
 INFO  [voice-playback-diagnostics] {"attemptId":"expo-av-live-get-1780690417606-uk3zm4","didJustFinish":false,"engine":"expo-av-live-get","isBuffering":false,"isLoaded":true,"messageIndex":1,"phase":"status","playbackMode":"live-get/run-3","positionMillis":69000,"timestamp":"2026-06-05T20:15:09.615Z"}
 INFO  [voice-playback-diagnostics] {"attemptId":"expo-av-live-get-1780690417606-uk3zm4","didJustFinish":false,"engine":"expo-av-live-get","isBuffering":false,"isLoaded":true,"messageIndex":1,"phase":"status","playbackMode":"live-get/run-3","positionMillis":70000,"timestamp":"2026-06-05T20:15:10.615Z"}
 INFO  [voice-playback-diagnostics] {"attemptId":"expo-av-live-get-1780690417606-uk3zm4","didJustFinish":false,"engine":"expo-av-live-get","isBuffering":false,"isLoaded":true,"messageIndex":1,"phase":"status","playbackMode":"live-get/run-3","positionMillis":71000,"timestamp":"2026-06-05T20:15:11.615Z"}
 INFO  [voice-playback-diagnostics] {"attemptId":"expo-av-live-get-1780690417606-uk3zm4","didJustFinish":false,"engine":"expo-av-live-get","isBuffering":false,"isLoaded":true,"messageIndex":1,"phase":"status","playbackMode":"live-get/run-3","positionMillis":72000,"timestamp":"2026-06-05T20:15:12.615Z"}
 INFO  [voice-playback-diagnostics] {"attemptId":"expo-av-live-get-1780690417606-uk3zm4","didJustFinish":false,"engine":"expo-av-live-get","isBuffering":false,"isLoaded":true,"messageIndex":1,"phase":"status","playbackMode":"live-get/run-3","positionMillis":73000,"timestamp":"2026-06-05T20:15:13.615Z"}
 INFO  [voice-playback-diagnostics] {"attemptId":"expo-av-live-get-1780690417606-uk3zm4","didJustFinish":false,"engine":"expo-av-live-get","isBuffering":false,"isLoaded":true,"messageIndex":1,"phase":"status","playbackMode":"live-get/run-3","positionMillis":74000,"timestamp":"2026-06-05T20:15:14.615Z"}
 INFO  [voice-playback-diagnostics] {"attemptId":"expo-av-live-get-1780690417606-uk3zm4","didJustFinish":false,"engine":"expo-av-live-get","isBuffering":false,"isLoaded":true,"messageIndex":1,"phase":"status","playbackMode":"live-get/run-3","positionMillis":75000,"timestamp":"2026-06-05T20:15:15.615Z"}
[MediaToolbox] <<HLS-FASB>> signalled err=-15514 at <>:1042
 INFO  [voice-playback-diagnostics] {"attemptId":"expo-av-live-get-1780690417606-uk3zm4","didJustFinish":false,"engine":"expo-av-live-get","isBuffering":false,"isLoaded":true,"messageIndex":1,"phase":"status","playbackMode":"live-get/run-3","positionMillis":75172,"timestamp":"2026-06-05T20:15:15.786Z"}
[MediaToolbox] <<HLS-FASB>> signalled err=-15514 at <>:1042
[MediaToolbox] <<HLS-FASB>> signalled err=-15514 at <>:991
[MediaToolbox] <<HLS-FASB>> signalled err=-15514 at <>:991
[MediaToolbox] <<HLS-FASB>> signalled err=-15514 at <>:1042
[MediaToolbox] <<HLS-FASB>> signalled err=-15514 at <>:1042
[MediaToolbox] (Fig) signalled err=-12785 at <>:1469
[MediaToolbox] <<<< ICY PUMP >>>> signalled err=-12785 at <>:1427
[MediaToolbox] <<<< ICY PUMP >>>> signalled err=-12785 at <>:1427
[MediaToolbox] <<<< FIM >>>> signalled err=-16042 at <>:2634
 INFO  [voice-playback-diagnostics] {"attemptId":"expo-av-live-get-1780690417606-uk3zm4","didJustFinish":true,"engine":"expo-av-live-get","isBuffering":false,"isLoaded":true,"messageIndex":1,"phase":"status","playbackMode":"live-get/run-3","positionMillis":75172,"timestamp":"2026-06-05T20:15:15.805Z"}
 INFO  [voice-playback-diagnostics] {"attemptId":"expo-av-live-get-1780690417606-uk3zm4","engine":"expo-av-live-get","messageIndex":1,"phase":"finish","playbackMode":"live-get/run-3","positionMillis":75172,"timestamp":"2026-06-05T20:15:15.823Z"}
 INFO  [voice-playback-diagnostics] {"attemptId":"expo-av-live-get-1780690515860-jvta5b","engine":"expo-av-live-get","messageIndex":1,"phase":"create","playbackMode":"live-get/run-4","timestamp":"2026-06-05T20:15:15.860Z"}
 INFO  [voice-playback-diagnostics] {"attemptId":"expo-av-live-get-1780690515860-jvta5b","engine":"expo-av-live-get","httpStatus":200,"messageIndex":1,"phase":"fetch","playbackMode":"probe-get/run-4/audio/mpeg","timestamp":"2026-06-05T20:15:26.967Z"}
[CoreMedia] <<< timebase >>> signalled err=-12753 at <>:3981
[MediaToolbox] <<<< FigStreamPlayer >>>> signalled err=-12860 at <>:29920
[MediaToolbox] <<<< ICY PUMP >>>> signalled err=-12640 at <>:1512
[MediaToolbox] <<<< ICY PUMP >>>> signalled err=-12640 at <>:1512
[MediaToolbox] <<<< ICY PUMP >>>> signalled err=-12640 at <>:1512
[MediaToolbox] <<<< ICY PUMP >>>> signalled err=-12640 at <>:1512
[MediaToolbox] <<<< ICY PUMP >>>> signalled err=-12640 at <>:1512
[MediaToolbox] <<<< ICY PUMP >>>> signalled err=-12640 at <>:1512
[MediaToolbox] <<<< ICY PUMP >>>> signalled err=-12640 at <>:1512
[MediaToolbox] <<HLS-FASB>> signalled err=-15514 at <>:1053
[CoreMedia] <<< timebase >>> signalled err=-12753 at <>:3981
[MediaToolbox] <<<< FigStreamPlayer >>>> signalled err=-12783 at <>:63418
[CoreMedia] <<< timebase >>> signalled err=-12753 at <>:3981
[MediaToolbox] <<<< FigStreamPlayer >>>> signalled err=-12783 at <>:63418
[MediaToolbox] <<<< FigStreamPlayer >>>> signalled err=-12783 at <>:63418
[AudioToolbox]        LoudnessManager.mm:1215  IsHardwareSupported: no plist
loaded, returning false
[AudioToolbox]        LoudnessManager.mm:1215  IsHardwareSupported: no plist
loaded, returning false
[AudioToolbox]        LoudnessManager.mm:1215  IsHardwareSupported: no plist
loaded, returning false
[MediaToolbox] <<HLS-FASB>> signalled err=-15514 at <>:1042
[MediaToolbox] metricevent_subscriber signalled err=-19772 at <>:364
[AudioToolbox]        LoudnessManager.mm:1215  IsHardwareSupported: no plist
loaded, returning false
[AudioToolbox]        LoudnessManager.mm:1215  IsHardwareSupported: no plist
loaded, returning false
[AudioToolbox]        LoudnessManager.mm:1215  IsHardwareSupported: no plist
loaded, returning false
[MediaToolbox] <<HLS-FASB>> signalled err=-15514 at <>:1042
[MediaToolbox] <<HLS-FASB>> signalled err=-15514 at <>:1042
 INFO  [voice-playback-diagnostics] {"attemptId":"expo-av-live-get-1780690515860-jvta5b","didJustFinish":false,"engine":"expo-av-live-get","isBuffering":true,"isLoaded":true,"messageIndex":1,"phase":"status","playbackMode":"live-get/run-4","positionMillis":0,"timestamp":"2026-06-05T20:15:29.416Z"}
 INFO  [voice-playback-diagnostics] {"attemptId":"expo-av-live-get-1780690515860-jvta5b","engine":"expo-av-live-get","messageIndex":1,"phase":"play","playbackMode":"live-get/run-4","timestamp":"2026-06-05T20:15:29.435Z"}
 INFO  [voice-playback-diagnostics] {"attemptId":"expo-av-live-get-1780690515860-jvta5b","didJustFinish":false,"engine":"expo-av-live-get","isBuffering":false,"isLoaded":true,"messageIndex":1,"phase":"status","playbackMode":"live-get/run-4","positionMillis":1000,"timestamp":"2026-06-05T20:15:30.472Z"}
 INFO  [voice-playback-diagnostics] {"attemptId":"expo-av-live-get-1780690515860-jvta5b","didJustFinish":false,"engine":"expo-av-live-get","isBuffering":false,"isLoaded":true,"messageIndex":1,"phase":"status","playbackMode":"live-get/run-4","positionMillis":2000,"timestamp":"2026-06-05T20:15:31.473Z"}
 INFO  [voice-playback-diagnostics] {"attemptId":"expo-av-live-get-1780690515860-jvta5b","didJustFinish":false,"engine":"expo-av-live-get","isBuffering":false,"isLoaded":true,"messageIndex":1,"phase":"status","playbackMode":"live-get/run-4","positionMillis":3000,"timestamp":"2026-06-05T20:15:32.473Z"}
 INFO  [voice-playback-diagnostics] {"attemptId":"expo-av-live-get-1780690515860-jvta5b","didJustFinish":false,"engine":"expo-av-live-get","isBuffering":false,"isLoaded":true,"messageIndex":1,"phase":"status","playbackMode":"live-get/run-4","positionMillis":4000,"timestamp":"2026-06-05T20:15:33.473Z"}
 INFO  [voice-playback-diagnostics] {"attemptId":"expo-av-live-get-1780690515860-jvta5b","didJustFinish":false,"engine":"expo-av-live-get","isBuffering":false,"isLoaded":true,"messageIndex":1,"phase":"status","playbackMode":"live-get/run-4","positionMillis":5000,"timestamp":"2026-06-05T20:15:34.473Z"}
 INFO  [voice-playback-diagnostics] {"attemptId":"expo-av-live-get-1780690515860-jvta5b","didJustFinish":false,"engine":"expo-av-live-get","isBuffering":false,"isLoaded":true,"messageIndex":1,"phase":"status","playbackMode":"live-get/run-4","positionMillis":6000,"timestamp":"2026-06-05T20:15:35.473Z"}
 INFO  [voice-playback-diagnostics] {"attemptId":"expo-av-live-get-1780690515860-jvta5b","didJustFinish":false,"engine":"expo-av-live-get","isBuffering":false,"isLoaded":true,"messageIndex":1,"phase":"status","playbackMode":"live-get/run-4","positionMillis":7000,"timestamp":"2026-06-05T20:15:36.473Z"}
 INFO  [voice-playback-diagnostics] {"attemptId":"expo-av-live-get-1780690515860-jvta5b","didJustFinish":false,"engine":"expo-av-live-get","isBuffering":false,"isLoaded":true,"messageIndex":1,"phase":"status","playbackMode":"live-get/run-4","positionMillis":8000,"timestamp":"2026-06-05T20:15:37.473Z"}
[MediaToolbox] <<HLS-FASB>> signalled err=-15514 at <>:1042
[MediaToolbox] <<HLS-FASB>> signalled err=-15514 at <>:1042
[MediaToolbox] <<HLS-FASB>> signalled err=-15514 at <>:1042
[MediaToolbox] <<HLS-FASB>> signalled err=-15514 at <>:1042
[MediaToolbox] <<HLS-FASB>> signalled err=-15514 at <>:1042
 INFO  [voice-playback-diagnostics] {"attemptId":"expo-av-live-get-1780690515860-jvta5b","didJustFinish":false,"engine":"expo-av-live-get","isBuffering":false,"isLoaded":true,"messageIndex":1,"phase":"status","playbackMode":"live-get/run-4","positionMillis":9000,"timestamp":"2026-06-05T20:15:38.473Z"}
 INFO  [voice-playback-diagnostics] {"attemptId":"expo-av-live-get-1780690515860-jvta5b","didJustFinish":false,"engine":"expo-av-live-get","isBuffering":false,"isLoaded":true,"messageIndex":1,"phase":"status","playbackMode":"live-get/run-4","positionMillis":10000,"timestamp":"2026-06-05T20:15:39.473Z"}
[MediaToolbox] <<HLS-FASB>> signalled err=-15514 at <>:1042
[MediaToolbox] <<HLS-FASB>> signalled err=-15514 at <>:1042
 INFO  [voice-playback-diagnostics] {"attemptId":"expo-av-live-get-1780690515860-jvta5b","didJustFinish":false,"engine":"expo-av-live-get","isBuffering":false,"isLoaded":true,"messageIndex":1,"phase":"status","playbackMode":"live-get/run-4","positionMillis":11000,"timestamp":"2026-06-05T20:15:40.473Z"}
 INFO  [voice-playback-diagnostics] {"attemptId":"expo-av-live-get-1780690515860-jvta5b","didJustFinish":false,"engine":"expo-av-live-get","isBuffering":false,"isLoaded":true,"messageIndex":1,"phase":"status","playbackMode":"live-get/run-4","positionMillis":12000,"timestamp":"2026-06-05T20:15:41.473Z"}
 INFO  [voice-playback-diagnostics] {"attemptId":"expo-av-live-get-1780690515860-jvta5b","didJustFinish":false,"engine":"expo-av-live-get","isBuffering":false,"isLoaded":true,"messageIndex":1,"phase":"status","playbackMode":"live-get/run-4","positionMillis":13000,"timestamp":"2026-06-05T20:15:42.473Z"}
 INFO  [voice-playback-diagnostics] {"attemptId":"expo-av-live-get-1780690515860-jvta5b","didJustFinish":false,"engine":"expo-av-live-get","isBuffering":false,"isLoaded":true,"messageIndex":1,"phase":"status","playbackMode":"live-get/run-4","positionMillis":14000,"timestamp":"2026-06-05T20:15:43.473Z"}
 INFO  [voice-playback-diagnostics] {"attemptId":"expo-av-live-get-1780690515860-jvta5b","didJustFinish":false,"engine":"expo-av-live-get","isBuffering":false,"isLoaded":true,"messageIndex":1,"phase":"status","playbackMode":"live-get/run-4","positionMillis":15000,"timestamp":"2026-06-05T20:15:44.473Z"}
 INFO  [voice-playback-diagnostics] {"attemptId":"expo-av-live-get-1780690515860-jvta5b","didJustFinish":false,"engine":"expo-av-live-get","isBuffering":false,"isLoaded":true,"messageIndex":1,"phase":"status","playbackMode":"live-get/run-4","positionMillis":16000,"timestamp":"2026-06-05T20:15:45.473Z"}
 INFO  [voice-playback-diagnostics] {"attemptId":"expo-av-live-get-1780690515860-jvta5b","didJustFinish":false,"engine":"expo-av-live-get","isBuffering":false,"isLoaded":true,"messageIndex":1,"phase":"status","playbackMode":"live-get/run-4","positionMillis":17000,"timestamp":"2026-06-05T20:15:46.473Z"}
 INFO  [voice-playback-diagnostics] {"attemptId":"expo-av-live-get-1780690515860-jvta5b","didJustFinish":false,"engine":"expo-av-live-get","isBuffering":false,"isLoaded":true,"messageIndex":1,"phase":"status","playbackMode":"live-get/run-4","positionMillis":18000,"timestamp":"2026-06-05T20:15:47.473Z"}
 INFO  [voice-playback-diagnostics] {"attemptId":"expo-av-live-get-1780690515860-jvta5b","didJustFinish":false,"engine":"expo-av-live-get","isBuffering":false,"isLoaded":true,"messageIndex":1,"phase":"status","playbackMode":"live-get/run-4","positionMillis":19000,"timestamp":"2026-06-05T20:15:48.473Z"}
 INFO  [voice-playback-diagnostics] {"attemptId":"expo-av-live-get-1780690515860-jvta5b","didJustFinish":false,"engine":"expo-av-live-get","isBuffering":false,"isLoaded":true,"messageIndex":1,"phase":"status","playbackMode":"live-get/run-4","positionMillis":20000,"timestamp":"2026-06-05T20:15:49.473Z"}
 INFO  [voice-playback-diagnostics] {"attemptId":"expo-av-live-get-1780690515860-jvta5b","didJustFinish":false,"engine":"expo-av-live-get","isBuffering":false,"isLoaded":true,"messageIndex":1,"phase":"status","playbackMode":"live-get/run-4","positionMillis":21000,"timestamp":"2026-06-05T20:15:50.473Z"}
 INFO  [voice-playback-diagnostics] {"attemptId":"expo-av-live-get-1780690515860-jvta5b","didJustFinish":false,"engine":"expo-av-live-get","isBuffering":false,"isLoaded":true,"messageIndex":1,"phase":"status","playbackMode":"live-get/run-4","positionMillis":22000,"timestamp":"2026-06-05T20:15:51.473Z"}
[MediaToolbox] <<HLS-FASB>> signalled err=-15514 at <>:1042
[MediaToolbox] <<HLS-FASB>> signalled err=-15514 at <>:1042
[MediaToolbox] <<<< ICY PUMP >>>> signalled err=-12640 at <>:1512
[MediaToolbox] <<<< ICY PUMP >>>> signalled err=-12640 at <>:1512
[MediaToolbox] <<<< ICY PUMP >>>> signalled err=-12640 at <>:1512
[MediaToolbox] <<<< ICY PUMP >>>> signalled err=-12640 at <>:1512
[MediaToolbox] <<<< ICY PUMP >>>> signalled err=-12640 at <>:1512
[MediaToolbox] <<<< ICY PUMP >>>> signalled err=-12640 at <>:1512
[MediaToolbox] <<<< ICY PUMP >>>> signalled err=-12640 at <>:1512
[MediaToolbox] <<HLS-FASB>> signalled err=-15514 at <>:1053
 INFO  [voice-playback-diagnostics] {"attemptId":"expo-av-live-get-1780690515860-jvta5b","didJustFinish":false,"engine":"expo-av-live-get","isBuffering":false,"isLoaded":true,"messageIndex":1,"phase":"status","playbackMode":"live-get/run-4","positionMillis":23000,"timestamp":"2026-06-05T20:15:52.473Z"}
[AudioToolbox]        LoudnessManager.mm:1215  IsHardwareSupported: no plist
loaded, returning false
[AudioToolbox]        LoudnessManager.mm:1215  IsHardwareSupported: no plist
loaded, returning false
[AudioToolbox]        LoudnessManager.mm:1215  IsHardwareSupported: no plist
loaded, returning false
 INFO  [voice-playback-diagnostics] {"attemptId":"expo-av-live-get-1780690515860-jvta5b","didJustFinish":false,"engine":"expo-av-live-get","isBuffering":false,"isLoaded":true,"messageIndex":1,"phase":"status","playbackMode":"live-get/run-4","positionMillis":24000,"timestamp":"2026-06-05T20:15:53.473Z"}
[MediaToolbox] metricevent_subscriber signalled err=-19772 at <>:364
 INFO  [voice-playback-diagnostics] {"attemptId":"expo-av-live-get-1780690515860-jvta5b","didJustFinish":false,"engine":"expo-av-live-get","isBuffering":false,"isLoaded":true,"messageIndex":1,"phase":"status","playbackMode":"live-get/run-4","positionMillis":25000,"timestamp":"2026-06-05T20:15:54.473Z"}
 INFO  [voice-playback-diagnostics] {"attemptId":"expo-av-live-get-1780690515860-jvta5b","didJustFinish":false,"engine":"expo-av-live-get","isBuffering":false,"isLoaded":true,"messageIndex":1,"phase":"status","playbackMode":"live-get/run-4","positionMillis":26000,"timestamp":"2026-06-05T20:15:55.473Z"}
 INFO  [voice-playback-diagnostics] {"attemptId":"expo-av-live-get-1780690515860-jvta5b","didJustFinish":false,"engine":"expo-av-live-get","isBuffering":false,"isLoaded":true,"messageIndex":1,"phase":"status","playbackMode":"live-get/run-4","positionMillis":27000,"timestamp":"2026-06-05T20:15:56.473Z"}
 INFO  [voice-playback-diagnostics] {"attemptId":"expo-av-live-get-1780690515860-jvta5b","didJustFinish":false,"engine":"expo-av-live-get","isBuffering":false,"isLoaded":true,"messageIndex":1,"phase":"status","playbackMode":"live-get/run-4","positionMillis":28000,"timestamp":"2026-06-05T20:15:57.473Z"}
 INFO  [voice-playback-diagnostics] {"attemptId":"expo-av-live-get-1780690515860-jvta5b","didJustFinish":false,"engine":"expo-av-live-get","isBuffering":false,"isLoaded":true,"messageIndex":1,"phase":"status","playbackMode":"live-get/run-4","positionMillis":29000,"timestamp":"2026-06-05T20:15:58.473Z"}
 INFO  [voice-playback-diagnostics] {"attemptId":"expo-av-live-get-1780690515860-jvta5b","didJustFinish":false,"engine":"expo-av-live-get","isBuffering":false,"isLoaded":true,"messageIndex":1,"phase":"status","playbackMode":"live-get/run-4","positionMillis":30000,"timestamp":"2026-06-05T20:15:59.473Z"}
 INFO  [voice-playback-diagnostics] {"attemptId":"expo-av-live-get-1780690515860-jvta5b","didJustFinish":false,"engine":"expo-av-live-get","isBuffering":false,"isLoaded":true,"messageIndex":1,"phase":"status","playbackMode":"live-get/run-4","positionMillis":31000,"timestamp":"2026-06-05T20:16:00.473Z"}
 INFO  [voice-playback-diagnostics] {"attemptId":"expo-av-live-get-1780690515860-jvta5b","didJustFinish":false,"engine":"expo-av-live-get","isBuffering":false,"isLoaded":true,"messageIndex":1,"phase":"status","playbackMode":"live-get/run-4","positionMillis":32000,"timestamp":"2026-06-05T20:16:01.473Z"}
 INFO  [voice-playback-diagnostics] {"attemptId":"expo-av-live-get-1780690515860-jvta5b","didJustFinish":false,"engine":"expo-av-live-get","isBuffering":false,"isLoaded":true,"messageIndex":1,"phase":"status","playbackMode":"live-get/run-4","positionMillis":33000,"timestamp":"2026-06-05T20:16:02.473Z"}
 INFO  [voice-playback-diagnostics] {"attemptId":"expo-av-live-get-1780690515860-jvta5b","didJustFinish":false,"engine":"expo-av-live-get","isBuffering":false,"isLoaded":true,"messageIndex":1,"phase":"status","playbackMode":"live-get/run-4","positionMillis":34000,"timestamp":"2026-06-05T20:16:03.473Z"}
 INFO  [voice-playback-diagnostics] {"attemptId":"expo-av-live-get-1780690515860-jvta5b","didJustFinish":false,"engine":"expo-av-live-get","isBuffering":false,"isLoaded":true,"messageIndex":1,"phase":"status","playbackMode":"live-get/run-4","positionMillis":35000,"timestamp":"2026-06-05T20:16:04.473Z"}
 INFO  [voice-playback-diagnostics] {"attemptId":"expo-av-live-get-1780690515860-jvta5b","didJustFinish":false,"engine":"expo-av-live-get","isBuffering":false,"isLoaded":true,"messageIndex":1,"phase":"status","playbackMode":"live-get/run-4","positionMillis":36000,"timestamp":"2026-06-05T20:16:05.473Z"}
 INFO  [voice-playback-diagnostics] {"attemptId":"expo-av-live-get-1780690515860-jvta5b","didJustFinish":false,"engine":"expo-av-live-get","isBuffering":false,"isLoaded":true,"messageIndex":1,"phase":"status","playbackMode":"live-get/run-4","positionMillis":37000,"timestamp":"2026-06-05T20:16:06.473Z"}
 INFO  [voice-playback-diagnostics] {"attemptId":"expo-av-live-get-1780690515860-jvta5b","didJustFinish":false,"engine":"expo-av-live-get","isBuffering":false,"isLoaded":true,"messageIndex":1,"phase":"status","playbackMode":"live-get/run-4","positionMillis":38000,"timestamp":"2026-06-05T20:16:07.473Z"}
 INFO  [voice-playback-diagnostics] {"attemptId":"expo-av-live-get-1780690515860-jvta5b","didJustFinish":false,"engine":"expo-av-live-get","isBuffering":false,"isLoaded":true,"messageIndex":1,"phase":"status","playbackMode":"live-get/run-4","positionMillis":39000,"timestamp":"2026-06-05T20:16:08.473Z"}
 INFO  [voice-playback-diagnostics] {"attemptId":"expo-av-live-get-1780690515860-jvta5b","didJustFinish":false,"engine":"expo-av-live-get","isBuffering":false,"isLoaded":true,"messageIndex":1,"phase":"status","playbackMode":"live-get/run-4","positionMillis":40000,"timestamp":"2026-06-05T20:16:09.473Z"}
 INFO  [voice-playback-diagnostics] {"attemptId":"expo-av-live-get-1780690515860-jvta5b","didJustFinish":false,"engine":"expo-av-live-get","isBuffering":false,"isLoaded":true,"messageIndex":1,"phase":"status","playbackMode":"live-get/run-4","positionMillis":41000,"timestamp":"2026-06-05T20:16:10.473Z"}
 INFO  [voice-playback-diagnostics] {"attemptId":"expo-av-live-get-1780690515860-jvta5b","didJustFinish":false,"engine":"expo-av-live-get","isBuffering":false,"isLoaded":true,"messageIndex":1,"phase":"status","playbackMode":"live-get/run-4","positionMillis":42000,"timestamp":"2026-06-05T20:16:11.473Z"}
 INFO  [voice-playback-diagnostics] {"attemptId":"expo-av-live-get-1780690515860-jvta5b","didJustFinish":false,"engine":"expo-av-live-get","isBuffering":false,"isLoaded":true,"messageIndex":1,"phase":"status","playbackMode":"live-get/run-4","positionMillis":43000,"timestamp":"2026-06-05T20:16:12.473Z"}
 INFO  [voice-playback-diagnostics] {"attemptId":"expo-av-live-get-1780690515860-jvta5b","didJustFinish":false,"engine":"expo-av-live-get","isBuffering":false,"isLoaded":true,"messageIndex":1,"phase":"status","playbackMode":"live-get/run-4","positionMillis":44000,"timestamp":"2026-06-05T20:16:13.473Z"}
 INFO  [voice-playback-diagnostics] {"attemptId":"expo-av-live-get-1780690515860-jvta5b","didJustFinish":false,"engine":"expo-av-live-get","isBuffering":false,"isLoaded":true,"messageIndex":1,"phase":"status","playbackMode":"live-get/run-4","positionMillis":45000,"timestamp":"2026-06-05T20:16:14.473Z"}
 INFO  [voice-playback-diagnostics] {"attemptId":"expo-av-live-get-1780690515860-jvta5b","didJustFinish":false,"engine":"expo-av-live-get","isBuffering":false,"isLoaded":true,"messageIndex":1,"phase":"status","playbackMode":"live-get/run-4","positionMillis":46000,"timestamp":"2026-06-05T20:16:15.473Z"}
 INFO  [voice-playback-diagnostics] {"attemptId":"expo-av-live-get-1780690515860-jvta5b","didJustFinish":false,"engine":"expo-av-live-get","isBuffering":false,"isLoaded":true,"messageIndex":1,"phase":"status","playbackMode":"live-get/run-4","positionMillis":47000,"timestamp":"2026-06-05T20:16:16.473Z"}
 INFO  [voice-playback-diagnostics] {"attemptId":"expo-av-live-get-1780690515860-jvta5b","didJustFinish":false,"engine":"expo-av-live-get","isBuffering":false,"isLoaded":true,"messageIndex":1,"phase":"status","playbackMode":"live-get/run-4","positionMillis":48000,"timestamp":"2026-06-05T20:16:17.473Z"}
 INFO  [voice-playback-diagnostics] {"attemptId":"expo-av-live-get-1780690515860-jvta5b","didJustFinish":false,"engine":"expo-av-live-get","isBuffering":false,"isLoaded":true,"messageIndex":1,"phase":"status","playbackMode":"live-get/run-4","positionMillis":49000,"timestamp":"2026-06-05T20:16:18.473Z"}
 INFO  [voice-playback-diagnostics] {"attemptId":"expo-av-live-get-1780690515860-jvta5b","didJustFinish":false,"engine":"expo-av-live-get","isBuffering":false,"isLoaded":true,"messageIndex":1,"phase":"status","playbackMode":"live-get/run-4","positionMillis":50000,"timestamp":"2026-06-05T20:16:19.473Z"}
 INFO  [voice-playback-diagnostics] {"attemptId":"expo-av-live-get-1780690515860-jvta5b","didJustFinish":false,"engine":"expo-av-live-get","isBuffering":false,"isLoaded":true,"messageIndex":1,"phase":"status","playbackMode":"live-get/run-4","positionMillis":51000,"timestamp":"2026-06-05T20:16:20.473Z"}
 INFO  [voice-playback-diagnostics] {"attemptId":"expo-av-live-get-1780690515860-jvta5b","didJustFinish":false,"engine":"expo-av-live-get","isBuffering":false,"isLoaded":true,"messageIndex":1,"phase":"status","playbackMode":"live-get/run-4","positionMillis":52000,"timestamp":"2026-06-05T20:16:21.473Z"}
 INFO  [voice-playback-diagnostics] {"attemptId":"expo-av-live-get-1780690515860-jvta5b","didJustFinish":false,"engine":"expo-av-live-get","isBuffering":false,"isLoaded":true,"messageIndex":1,"phase":"status","playbackMode":"live-get/run-4","positionMillis":53000,"timestamp":"2026-06-05T20:16:22.473Z"}
 INFO  [voice-playback-diagnostics] {"attemptId":"expo-av-live-get-1780690515860-jvta5b","didJustFinish":false,"engine":"expo-av-live-get","isBuffering":false,"isLoaded":true,"messageIndex":1,"phase":"status","playbackMode":"live-get/run-4","positionMillis":54000,"timestamp":"2026-06-05T20:16:23.473Z"}
 INFO  [voice-playback-diagnostics] {"attemptId":"expo-av-live-get-1780690515860-jvta5b","didJustFinish":false,"engine":"expo-av-live-get","isBuffering":false,"isLoaded":true,"messageIndex":1,"phase":"status","playbackMode":"live-get/run-4","positionMillis":55000,"timestamp":"2026-06-05T20:16:24.473Z"}
 INFO  [voice-playback-diagnostics] {"attemptId":"expo-av-live-get-1780690515860-jvta5b","didJustFinish":false,"engine":"expo-av-live-get","isBuffering":false,"isLoaded":true,"messageIndex":1,"phase":"status","playbackMode":"live-get/run-4","positionMillis":56000,"timestamp":"2026-06-05T20:16:25.473Z"}
 INFO  [voice-playback-diagnostics] {"attemptId":"expo-av-live-get-1780690515860-jvta5b","didJustFinish":false,"engine":"expo-av-live-get","isBuffering":false,"isLoaded":true,"messageIndex":1,"phase":"status","playbackMode":"live-get/run-4","positionMillis":57000,"timestamp":"2026-06-05T20:16:26.473Z"}
 INFO  [voice-playback-diagnostics] {"attemptId":"expo-av-live-get-1780690515860-jvta5b","didJustFinish":false,"engine":"expo-av-live-get","isBuffering":false,"isLoaded":true,"messageIndex":1,"phase":"status","playbackMode":"live-get/run-4","positionMillis":58000,"timestamp":"2026-06-05T20:16:27.473Z"}
 INFO  [voice-playback-diagnostics] {"attemptId":"expo-av-live-get-1780690515860-jvta5b","didJustFinish":false,"engine":"expo-av-live-get","isBuffering":false,"isLoaded":true,"messageIndex":1,"phase":"status","playbackMode":"live-get/run-4","positionMillis":59000,"timestamp":"2026-06-05T20:16:28.473Z"}
 INFO  [voice-playback-diagnostics] {"attemptId":"expo-av-live-get-1780690515860-jvta5b","didJustFinish":false,"engine":"expo-av-live-get","isBuffering":false,"isLoaded":true,"messageIndex":1,"phase":"status","playbackMode":"live-get/run-4","positionMillis":60000,"timestamp":"2026-06-05T20:16:29.473Z"}
 INFO  [voice-playback-diagnostics] {"attemptId":"expo-av-live-get-1780690515860-jvta5b","didJustFinish":false,"engine":"expo-av-live-get","isBuffering":false,"isLoaded":true,"messageIndex":1,"phase":"status","playbackMode":"live-get/run-4","positionMillis":61000,"timestamp":"2026-06-05T20:16:30.473Z"}
 INFO  [voice-playback-diagnostics] {"attemptId":"expo-av-live-get-1780690515860-jvta5b","didJustFinish":false,"engine":"expo-av-live-get","isBuffering":false,"isLoaded":true,"messageIndex":1,"phase":"status","playbackMode":"live-get/run-4","positionMillis":62000,"timestamp":"2026-06-05T20:16:31.473Z"}
 INFO  [voice-playback-diagnostics] {"attemptId":"expo-av-live-get-1780690515860-jvta5b","didJustFinish":false,"engine":"expo-av-live-get","isBuffering":false,"isLoaded":true,"messageIndex":1,"phase":"status","playbackMode":"live-get/run-4","positionMillis":63000,"timestamp":"2026-06-05T20:16:32.473Z"}
 INFO  [voice-playback-diagnostics] {"attemptId":"expo-av-live-get-1780690515860-jvta5b","didJustFinish":false,"engine":"expo-av-live-get","isBuffering":false,"isLoaded":true,"messageIndex":1,"phase":"status","playbackMode":"live-get/run-4","positionMillis":64000,"timestamp":"2026-06-05T20:16:33.473Z"}
 INFO  [voice-playback-diagnostics] {"attemptId":"expo-av-live-get-1780690515860-jvta5b","didJustFinish":false,"engine":"expo-av-live-get","isBuffering":false,"isLoaded":true,"messageIndex":1,"phase":"status","playbackMode":"live-get/run-4","positionMillis":65000,"timestamp":"2026-06-05T20:16:34.473Z"}
 INFO  [voice-playback-diagnostics] {"attemptId":"expo-av-live-get-1780690515860-jvta5b","didJustFinish":false,"engine":"expo-av-live-get","isBuffering":false,"isLoaded":true,"messageIndex":1,"phase":"status","playbackMode":"live-get/run-4","positionMillis":66000,"timestamp":"2026-06-05T20:16:35.473Z"}
 INFO  [voice-playback-diagnostics] {"attemptId":"expo-av-live-get-1780690515860-jvta5b","didJustFinish":false,"engine":"expo-av-live-get","isBuffering":false,"isLoaded":true,"messageIndex":1,"phase":"status","playbackMode":"live-get/run-4","positionMillis":67000,"timestamp":"2026-06-05T20:16:36.473Z"}
 INFO  [voice-playback-diagnostics] {"attemptId":"expo-av-live-get-1780690515860-jvta5b","didJustFinish":false,"engine":"expo-av-live-get","isBuffering":false,"isLoaded":true,"messageIndex":1,"phase":"status","playbackMode":"live-get/run-4","positionMillis":68000,"timestamp":"2026-06-05T20:16:37.473Z"}
 INFO  [voice-playback-diagnostics] {"attemptId":"expo-av-live-get-1780690515860-jvta5b","didJustFinish":false,"engine":"expo-av-live-get","isBuffering":false,"isLoaded":true,"messageIndex":1,"phase":"status","playbackMode":"live-get/run-4","positionMillis":69000,"timestamp":"2026-06-05T20:16:38.473Z"}
 INFO  [voice-playback-diagnostics] {"attemptId":"expo-av-live-get-1780690515860-jvta5b","didJustFinish":false,"engine":"expo-av-live-get","isBuffering":false,"isLoaded":true,"messageIndex":1,"phase":"status","playbackMode":"live-get/run-4","positionMillis":70000,"timestamp":"2026-06-05T20:16:39.473Z"}
 INFO  [voice-playback-diagnostics] {"attemptId":"expo-av-live-get-1780690515860-jvta5b","didJustFinish":false,"engine":"expo-av-live-get","isBuffering":false,"isLoaded":true,"messageIndex":1,"phase":"status","playbackMode":"live-get/run-4","positionMillis":71000,"timestamp":"2026-06-05T20:16:40.473Z"}
 INFO  [voice-playback-diagnostics] {"attemptId":"expo-av-live-get-1780690515860-jvta5b","didJustFinish":false,"engine":"expo-av-live-get","isBuffering":false,"isLoaded":true,"messageIndex":1,"phase":"status","playbackMode":"live-get/run-4","positionMillis":72000,"timestamp":"2026-06-05T20:16:41.473Z"}
 INFO  [voice-playback-diagnostics] {"attemptId":"expo-av-live-get-1780690515860-jvta5b","didJustFinish":false,"engine":"expo-av-live-get","isBuffering":false,"isLoaded":true,"messageIndex":1,"phase":"status","playbackMode":"live-get/run-4","positionMillis":73000,"timestamp":"2026-06-05T20:16:42.473Z"}
 INFO  [voice-playback-diagnostics] {"attemptId":"expo-av-live-get-1780690515860-jvta5b","didJustFinish":false,"engine":"expo-av-live-get","isBuffering":false,"isLoaded":true,"messageIndex":1,"phase":"status","playbackMode":"live-get/run-4","positionMillis":74000,"timestamp":"2026-06-05T20:16:43.473Z"}
 INFO  [voice-playback-diagnostics] {"attemptId":"expo-av-live-get-1780690515860-jvta5b","didJustFinish":false,"engine":"expo-av-live-get","isBuffering":false,"isLoaded":true,"messageIndex":1,"phase":"status","playbackMode":"live-get/run-4","positionMillis":75000,"timestamp":"2026-06-05T20:16:44.473Z"}
 INFO  [voice-playback-diagnostics] {"attemptId":"expo-av-live-get-1780690515860-jvta5b","didJustFinish":false,"engine":"expo-av-live-get","isBuffering":false,"isLoaded":true,"messageIndex":1,"phase":"status","playbackMode":"live-get/run-4","positionMillis":76000,"timestamp":"2026-06-05T20:16:45.473Z"}
[MediaToolbox] <<HLS-FASB>> signalled err=-15514 at <>:1042
 INFO  [voice-playback-diagnostics] {"attemptId":"expo-av-live-get-1780690515860-jvta5b","didJustFinish":false,"engine":"expo-av-live-get","isBuffering":false,"isLoaded":true,"messageIndex":1,"phase":"status","playbackMode":"live-get/run-4","positionMillis":76159,"timestamp":"2026-06-05T20:16:45.632Z"}
[MediaToolbox] <<HLS-FASB>> signalled err=-15514 at <>:1042
[MediaToolbox] <<HLS-FASB>> signalled err=-15514 at <>:991
[MediaToolbox] <<HLS-FASB>> signalled err=-15514 at <>:991
[MediaToolbox] <<HLS-FASB>> signalled err=-15514 at <>:1042
[MediaToolbox] <<HLS-FASB>> signalled err=-15514 at <>:1042
[MediaToolbox] (Fig) signalled err=-12785 at <>:1469
[MediaToolbox] <<<< ICY PUMP >>>> signalled err=-12785 at <>:1427
[MediaToolbox] <<<< ICY PUMP >>>> signalled err=-12785 at <>:1427
[MediaToolbox] <<<< FIM >>>> signalled err=-16042 at <>:2634
 INFO  [voice-playback-diagnostics] {"attemptId":"expo-av-live-get-1780690515860-jvta5b","didJustFinish":true,"engine":"expo-av-live-get","isBuffering":false,"isLoaded":true,"messageIndex":1,"phase":"status","playbackMode":"live-get/run-4","positionMillis":76159,"timestamp":"2026-06-05T20:16:45.650Z"}
 INFO  [voice-playback-diagnostics] {"attemptId":"expo-av-live-get-1780690515860-jvta5b","engine":"expo-av-live-get","messageIndex":1,"phase":"finish","playbackMode":"live-get/run-4","positionMillis":76159,"timestamp":"2026-06-05T20:16:45.669Z"}
 INFO  [voice-playback-diagnostics] {"attemptId":"expo-av-live-get-1780690605706-9h5t4j","engine":"expo-av-live-get","messageIndex":1,"phase":"create","playbackMode":"live-get/run-5","timestamp":"2026-06-05T20:16:45.706Z"}
 INFO  [voice-playback-diagnostics] {"attemptId":"expo-av-live-get-1780690605706-9h5t4j","engine":"expo-av-live-get","error":"Probe GET aborted after headers.","messageIndex":1,"phase":"fetch","playbackMode":"probe-get/run-5","timestamp":"2026-06-05T20:17:00.726Z"}
[CoreMedia] <<< timebase >>> signalled err=-12753 at <>:3981
[MediaToolbox] <<<< FigStreamPlayer >>>> signalled err=-12860 at <>:29920
[MediaToolbox] <<<< ICY PUMP >>>> signalled err=-12640 at <>:1512
[MediaToolbox] <<<< ICY PUMP >>>> signalled err=-12640 at <>:1512
[MediaToolbox] <<<< ICY PUMP >>>> signalled err=-12640 at <>:1512
[MediaToolbox] <<<< ICY PUMP >>>> signalled err=-12640 at <>:1512
[MediaToolbox] <<<< ICY PUMP >>>> signalled err=-12640 at <>:1512
[MediaToolbox] <<<< ICY PUMP >>>> signalled err=-12640 at <>:1512
[MediaToolbox] <<<< ICY PUMP >>>> signalled err=-12640 at <>:1512
[MediaToolbox] <<HLS-FASB>> signalled err=-15514 at <>:1053
[CoreMedia] <<< timebase >>> signalled err=-12753 at <>:3981
[MediaToolbox] <<<< FigStreamPlayer >>>> signalled err=-12783 at <>:63418
[CoreMedia] <<< timebase >>> signalled err=-12753 at <>:3981
[MediaToolbox] <<<< FigStreamPlayer >>>> signalled err=-12783 at <>:63418
[MediaToolbox] <<<< FigStreamPlayer >>>> signalled err=-12783 at <>:63418
[AudioToolbox]        LoudnessManager.mm:1215  IsHardwareSupported: no plist
loaded, returning false
[AudioToolbox]        LoudnessManager.mm:1215  IsHardwareSupported: no plist
loaded, returning false
[AudioToolbox]        LoudnessManager.mm:1215  IsHardwareSupported: no plist
loaded, returning false
[MediaToolbox] <<HLS-FASB>> signalled err=-15514 at <>:1042
[MediaToolbox] metricevent_subscriber signalled err=-19772 at <>:364
[AudioToolbox]        LoudnessManager.mm:1215  IsHardwareSupported: no plist
loaded, returning false
[AudioToolbox]        LoudnessManager.mm:1215  IsHardwareSupported: no plist
loaded, returning false
[AudioToolbox]        LoudnessManager.mm:1215  IsHardwareSupported: no plist
loaded, returning false
[MediaToolbox] <<HLS-FASB>> signalled err=-15514 at <>:1042
[MediaToolbox] <<HLS-FASB>> signalled err=-15514 at <>:1042
 INFO  [voice-playback-diagnostics] {"attemptId":"expo-av-live-get-1780690605706-9h5t4j","didJustFinish":false,"engine":"expo-av-live-get","isBuffering":true,"isLoaded":true,"messageIndex":1,"phase":"status","playbackMode":"live-get/run-5","positionMillis":0,"timestamp":"2026-06-05T20:17:03.595Z"}
 INFO  [voice-playback-diagnostics] {"attemptId":"expo-av-live-get-1780690605706-9h5t4j","engine":"expo-av-live-get","messageIndex":1,"phase":"play","playbackMode":"live-get/run-5","timestamp":"2026-06-05T20:17:03.615Z"}
 INFO  [voice-playback-diagnostics] {"attemptId":"expo-av-live-get-1780690605706-9h5t4j","didJustFinish":false,"engine":"expo-av-live-get","isBuffering":true,"isLoaded":true,"messageIndex":1,"phase":"status","playbackMode":"live-get/run-5","positionMillis":0,"timestamp":"2026-06-05T20:17:03.633Z"}
 INFO  [voice-playback-diagnostics] {"attemptId":"expo-av-live-get-1780690605706-9h5t4j","didJustFinish":false,"engine":"expo-av-live-get","isBuffering":false,"isLoaded":true,"messageIndex":1,"phase":"status","playbackMode":"live-get/run-5","positionMillis":0,"timestamp":"2026-06-05T20:17:03.652Z"}
 INFO  [voice-playback-diagnostics] {"attemptId":"expo-av-live-get-1780690605706-9h5t4j","didJustFinish":false,"engine":"expo-av-live-get","isBuffering":false,"isLoaded":true,"messageIndex":1,"phase":"status","playbackMode":"live-get/run-5","positionMillis":1000,"timestamp":"2026-06-05T20:17:04.665Z"}
 INFO  [voice-playback-diagnostics] {"attemptId":"expo-av-live-get-1780690605706-9h5t4j","didJustFinish":false,"engine":"expo-av-live-get","isBuffering":false,"isLoaded":true,"messageIndex":1,"phase":"status","playbackMode":"live-get/run-5","positionMillis":2000,"timestamp":"2026-06-05T20:17:05.665Z"}
 INFO  [voice-playback-diagnostics] {"attemptId":"expo-av-live-get-1780690605706-9h5t4j","didJustFinish":false,"engine":"expo-av-live-get","isBuffering":false,"isLoaded":true,"messageIndex":1,"phase":"status","playbackMode":"live-get/run-5","positionMillis":3000,"timestamp":"2026-06-05T20:17:06.665Z"}
 INFO  [voice-playback-diagnostics] {"attemptId":"expo-av-live-get-1780690605706-9h5t4j","didJustFinish":false,"engine":"expo-av-live-get","isBuffering":false,"isLoaded":true,"messageIndex":1,"phase":"status","playbackMode":"live-get/run-5","positionMillis":4000,"timestamp":"2026-06-05T20:17:07.665Z"}
 INFO  [voice-playback-diagnostics] {"attemptId":"expo-av-live-get-1780690605706-9h5t4j","didJustFinish":false,"engine":"expo-av-live-get","isBuffering":false,"isLoaded":true,"messageIndex":1,"phase":"status","playbackMode":"live-get/run-5","positionMillis":5000,"timestamp":"2026-06-05T20:17:08.665Z"}
 INFO  [voice-playback-diagnostics] {"attemptId":"expo-av-live-get-1780690605706-9h5t4j","didJustFinish":false,"engine":"expo-av-live-get","isBuffering":false,"isLoaded":true,"messageIndex":1,"phase":"status","playbackMode":"live-get/run-5","positionMillis":6000,"timestamp":"2026-06-05T20:17:09.665Z"}
 INFO  [voice-playback-diagnostics] {"attemptId":"expo-av-live-get-1780690605706-9h5t4j","didJustFinish":false,"engine":"expo-av-live-get","isBuffering":false,"isLoaded":true,"messageIndex":1,"phase":"status","playbackMode":"live-get/run-5","positionMillis":7000,"timestamp":"2026-06-05T20:17:10.665Z"}
[MediaToolbox] <<HLS-FASB>> signalled err=-15514 at <>:1042
 INFO  [voice-playback-diagnostics] {"attemptId":"expo-av-live-get-1780690605706-9h5t4j","didJustFinish":false,"engine":"expo-av-live-get","isBuffering":false,"isLoaded":true,"messageIndex":1,"phase":"status","playbackMode":"live-get/run-5","positionMillis":8000,"timestamp":"2026-06-05T20:17:11.665Z"}
[MediaToolbox] <<HLS-FASB>> signalled err=-15514 at <>:1042
[MediaToolbox] <<HLS-FASB>> signalled err=-15514 at <>:1042
 INFO  [voice-playback-diagnostics] {"attemptId":"expo-av-live-get-1780690605706-9h5t4j","didJustFinish":false,"engine":"expo-av-live-get","isBuffering":false,"isLoaded":true,"messageIndex":1,"phase":"status","playbackMode":"live-get/run-5","positionMillis":9000,"timestamp":"2026-06-05T20:17:12.665Z"}
[MediaToolbox] <<HLS-FASB>> signalled err=-15514 at <>:1042
[MediaToolbox] <<HLS-FASB>> signalled err=-15514 at <>:1042
 INFO  [voice-playback-diagnostics] {"attemptId":"expo-av-live-get-1780690605706-9h5t4j","didJustFinish":false,"engine":"expo-av-live-get","isBuffering":false,"isLoaded":true,"messageIndex":1,"phase":"status","playbackMode":"live-get/run-5","positionMillis":10000,"timestamp":"2026-06-05T20:17:13.665Z"}
 INFO  [voice-playback-diagnostics] {"attemptId":"expo-av-live-get-1780690605706-9h5t4j","didJustFinish":false,"engine":"expo-av-live-get","isBuffering":false,"isLoaded":true,"messageIndex":1,"phase":"status","playbackMode":"live-get/run-5","positionMillis":11000,"timestamp":"2026-06-05T20:17:14.665Z"}
 INFO  [voice-playback-diagnostics] {"attemptId":"expo-av-live-get-1780690605706-9h5t4j","didJustFinish":false,"engine":"expo-av-live-get","isBuffering":false,"isLoaded":true,"messageIndex":1,"phase":"status","playbackMode":"live-get/run-5","positionMillis":12000,"timestamp":"2026-06-05T20:17:15.665Z"}
 INFO  [voice-playback-diagnostics] {"attemptId":"expo-av-live-get-1780690605706-9h5t4j","didJustFinish":false,"engine":"expo-av-live-get","isBuffering":false,"isLoaded":true,"messageIndex":1,"phase":"status","playbackMode":"live-get/run-5","positionMillis":13000,"timestamp":"2026-06-05T20:17:16.665Z"}
 INFO  [voice-playback-diagnostics] {"attemptId":"expo-av-live-get-1780690605706-9h5t4j","didJustFinish":false,"engine":"expo-av-live-get","isBuffering":false,"isLoaded":true,"messageIndex":1,"phase":"status","playbackMode":"live-get/run-5","positionMillis":14000,"timestamp":"2026-06-05T20:17:17.665Z"}
 INFO  [voice-playback-diagnostics] {"attemptId":"expo-av-live-get-1780690605706-9h5t4j","didJustFinish":false,"engine":"expo-av-live-get","isBuffering":false,"isLoaded":true,"messageIndex":1,"phase":"status","playbackMode":"live-get/run-5","positionMillis":15000,"timestamp":"2026-06-05T20:17:18.665Z"}
 INFO  [voice-playback-diagnostics] {"attemptId":"expo-av-live-get-1780690605706-9h5t4j","didJustFinish":false,"engine":"expo-av-live-get","isBuffering":false,"isLoaded":true,"messageIndex":1,"phase":"status","playbackMode":"live-get/run-5","positionMillis":16000,"timestamp":"2026-06-05T20:17:19.665Z"}
[MediaToolbox] <<HLS-FASB>> signalled err=-15514 at <>:1042
[MediaToolbox] <<HLS-FASB>> signalled err=-15514 at <>:1042
[MediaToolbox] <<<< ICY PUMP >>>> signalled err=-12640 at <>:1512
[MediaToolbox] <<<< ICY PUMP >>>> signalled err=-12640 at <>:1512
[MediaToolbox] <<<< ICY PUMP >>>> signalled err=-12640 at <>:1512
[MediaToolbox] <<<< ICY PUMP >>>> signalled err=-12640 at <>:1512
[MediaToolbox] <<<< ICY PUMP >>>> signalled err=-12640 at <>:1512
[MediaToolbox] <<<< ICY PUMP >>>> signalled err=-12640 at <>:1512
[MediaToolbox] <<<< ICY PUMP >>>> signalled err=-12640 at <>:1512
[MediaToolbox] <<HLS-FASB>> signalled err=-15514 at <>:1053
 INFO  [voice-playback-diagnostics] {"attemptId":"expo-av-live-get-1780690605706-9h5t4j","didJustFinish":false,"engine":"expo-av-live-get","isBuffering":false,"isLoaded":true,"messageIndex":1,"phase":"status","playbackMode":"live-get/run-5","positionMillis":17000,"timestamp":"2026-06-05T20:17:20.665Z"}
[AudioToolbox]        LoudnessManager.mm:1215  IsHardwareSupported: no plist
loaded, returning false
[AudioToolbox]        LoudnessManager.mm:1215  IsHardwareSupported: no plist
loaded, returning false
[AudioToolbox]        LoudnessManager.mm:1215  IsHardwareSupported: no plist
loaded, returning false
 INFO  [voice-playback-diagnostics] {"attemptId":"expo-av-live-get-1780690605706-9h5t4j","didJustFinish":false,"engine":"expo-av-live-get","isBuffering":false,"isLoaded":true,"messageIndex":1,"phase":"status","playbackMode":"live-get/run-5","positionMillis":18000,"timestamp":"2026-06-05T20:17:21.665Z"}
[MediaToolbox] metricevent_subscriber signalled err=-19772 at <>:364
 INFO  [voice-playback-diagnostics] {"attemptId":"expo-av-live-get-1780690605706-9h5t4j","didJustFinish":false,"engine":"expo-av-live-get","isBuffering":false,"isLoaded":true,"messageIndex":1,"phase":"status","playbackMode":"live-get/run-5","positionMillis":19000,"timestamp":"2026-06-05T20:17:22.665Z"}
 INFO  [voice-playback-diagnostics] {"attemptId":"expo-av-live-get-1780690605706-9h5t4j","didJustFinish":false,"engine":"expo-av-live-get","isBuffering":false,"isLoaded":true,"messageIndex":1,"phase":"status","playbackMode":"live-get/run-5","positionMillis":20000,"timestamp":"2026-06-05T20:17:23.665Z"}
 INFO  [voice-playback-diagnostics] {"attemptId":"expo-av-live-get-1780690605706-9h5t4j","didJustFinish":false,"engine":"expo-av-live-get","isBuffering":false,"isLoaded":true,"messageIndex":1,"phase":"status","playbackMode":"live-get/run-5","positionMillis":21000,"timestamp":"2026-06-05T20:17:24.665Z"}
 INFO  [voice-playback-diagnostics] {"attemptId":"expo-av-live-get-1780690605706-9h5t4j","didJustFinish":false,"engine":"expo-av-live-get","isBuffering":false,"isLoaded":true,"messageIndex":1,"phase":"status","playbackMode":"live-get/run-5","positionMillis":22000,"timestamp":"2026-06-05T20:17:25.665Z"}
 INFO  [voice-playback-diagnostics] {"attemptId":"expo-av-live-get-1780690605706-9h5t4j","didJustFinish":false,"engine":"expo-av-live-get","isBuffering":false,"isLoaded":true,"messageIndex":1,"phase":"status","playbackMode":"live-get/run-5","positionMillis":23000,"timestamp":"2026-06-05T20:17:26.665Z"}
 INFO  [voice-playback-diagnostics] {"attemptId":"expo-av-live-get-1780690605706-9h5t4j","didJustFinish":false,"engine":"expo-av-live-get","isBuffering":false,"isLoaded":true,"messageIndex":1,"phase":"status","playbackMode":"live-get/run-5","positionMillis":24000,"timestamp":"2026-06-05T20:17:27.665Z"}
 INFO  [voice-playback-diagnostics] {"attemptId":"expo-av-live-get-1780690605706-9h5t4j","didJustFinish":false,"engine":"expo-av-live-get","isBuffering":false,"isLoaded":true,"messageIndex":1,"phase":"status","playbackMode":"live-get/run-5","positionMillis":25000,"timestamp":"2026-06-05T20:17:28.665Z"}
 INFO  [voice-playback-diagnostics] {"attemptId":"expo-av-live-get-1780690605706-9h5t4j","didJustFinish":false,"engine":"expo-av-live-get","isBuffering":false,"isLoaded":true,"messageIndex":1,"phase":"status","playbackMode":"live-get/run-5","positionMillis":26000,"timestamp":"2026-06-05T20:17:29.665Z"}
 INFO  [voice-playback-diagnostics] {"attemptId":"expo-av-live-get-1780690605706-9h5t4j","didJustFinish":false,"engine":"expo-av-live-get","isBuffering":false,"isLoaded":true,"messageIndex":1,"phase":"status","playbackMode":"live-get/run-5","positionMillis":27000,"timestamp":"2026-06-05T20:17:30.665Z"}
 INFO  [voice-playback-diagnostics] {"attemptId":"expo-av-live-get-1780690605706-9h5t4j","didJustFinish":false,"engine":"expo-av-live-get","isBuffering":false,"isLoaded":true,"messageIndex":1,"phase":"status","playbackMode":"live-get/run-5","positionMillis":28000,"timestamp":"2026-06-05T20:17:31.665Z"}
 INFO  [voice-playback-diagnostics] {"attemptId":"expo-av-live-get-1780690605706-9h5t4j","didJustFinish":false,"engine":"expo-av-live-get","isBuffering":false,"isLoaded":true,"messageIndex":1,"phase":"status","playbackMode":"live-get/run-5","positionMillis":29000,"timestamp":"2026-06-05T20:17:32.665Z"}
 INFO  [voice-playback-diagnostics] {"attemptId":"expo-av-live-get-1780690605706-9h5t4j","didJustFinish":false,"engine":"expo-av-live-get","isBuffering":false,"isLoaded":true,"messageIndex":1,"phase":"status","playbackMode":"live-get/run-5","positionMillis":30000,"timestamp":"2026-06-05T20:17:33.665Z"}
 INFO  [voice-playback-diagnostics] {"attemptId":"expo-av-live-get-1780690605706-9h5t4j","didJustFinish":false,"engine":"expo-av-live-get","isBuffering":false,"isLoaded":true,"messageIndex":1,"phase":"status","playbackMode":"live-get/run-5","positionMillis":31000,"timestamp":"2026-06-05T20:17:34.666Z"}
 INFO  [voice-playback-diagnostics] {"attemptId":"expo-av-live-get-1780690605706-9h5t4j","didJustFinish":false,"engine":"expo-av-live-get","isBuffering":false,"isLoaded":true,"messageIndex":1,"phase":"status","playbackMode":"live-get/run-5","positionMillis":32000,"timestamp":"2026-06-05T20:17:35.665Z"}
 INFO  [voice-playback-diagnostics] {"attemptId":"expo-av-live-get-1780690605706-9h5t4j","didJustFinish":false,"engine":"expo-av-live-get","isBuffering":false,"isLoaded":true,"messageIndex":1,"phase":"status","playbackMode":"live-get/run-5","positionMillis":33000,"timestamp":"2026-06-05T20:17:36.665Z"}
 INFO  [voice-playback-diagnostics] {"attemptId":"expo-av-live-get-1780690605706-9h5t4j","didJustFinish":false,"engine":"expo-av-live-get","isBuffering":false,"isLoaded":true,"messageIndex":1,"phase":"status","playbackMode":"live-get/run-5","positionMillis":34000,"timestamp":"2026-06-05T20:17:37.666Z"}
 INFO  [voice-playback-diagnostics] {"attemptId":"expo-av-live-get-1780690605706-9h5t4j","didJustFinish":false,"engine":"expo-av-live-get","isBuffering":false,"isLoaded":true,"messageIndex":1,"phase":"status","playbackMode":"live-get/run-5","positionMillis":35000,"timestamp":"2026-06-05T20:17:38.665Z"}
 INFO  [voice-playback-diagnostics] {"attemptId":"expo-av-live-get-1780690605706-9h5t4j","didJustFinish":false,"engine":"expo-av-live-get","isBuffering":false,"isLoaded":true,"messageIndex":1,"phase":"status","playbackMode":"live-get/run-5","positionMillis":36000,"timestamp":"2026-06-05T20:17:39.666Z"}
 INFO  [voice-playback-diagnostics] {"attemptId":"expo-av-live-get-1780690605706-9h5t4j","didJustFinish":false,"engine":"expo-av-live-get","isBuffering":false,"isLoaded":true,"messageIndex":1,"phase":"status","playbackMode":"live-get/run-5","positionMillis":37000,"timestamp":"2026-06-05T20:17:40.666Z"}
 INFO  [voice-playback-diagnostics] {"attemptId":"expo-av-live-get-1780690605706-9h5t4j","didJustFinish":false,"engine":"expo-av-live-get","isBuffering":false,"isLoaded":true,"messageIndex":1,"phase":"status","playbackMode":"live-get/run-5","positionMillis":38000,"timestamp":"2026-06-05T20:17:41.666Z"}
 INFO  [voice-playback-diagnostics] {"attemptId":"expo-av-live-get-1780690605706-9h5t4j","didJustFinish":false,"engine":"expo-av-live-get","isBuffering":false,"isLoaded":true,"messageIndex":1,"phase":"status","playbackMode":"live-get/run-5","positionMillis":39000,"timestamp":"2026-06-05T20:17:42.665Z"}
 INFO  [voice-playback-diagnostics] {"attemptId":"expo-av-live-get-1780690605706-9h5t4j","didJustFinish":false,"engine":"expo-av-live-get","isBuffering":false,"isLoaded":true,"messageIndex":1,"phase":"status","playbackMode":"live-get/run-5","positionMillis":40000,"timestamp":"2026-06-05T20:17:43.665Z"}
 INFO  [voice-playback-diagnostics] {"attemptId":"expo-av-live-get-1780690605706-9h5t4j","didJustFinish":false,"engine":"expo-av-live-get","isBuffering":false,"isLoaded":true,"messageIndex":1,"phase":"status","playbackMode":"live-get/run-5","positionMillis":41000,"timestamp":"2026-06-05T20:17:44.666Z"}
 INFO  [voice-playback-diagnostics] {"attemptId":"expo-av-live-get-1780690605706-9h5t4j","didJustFinish":false,"engine":"expo-av-live-get","isBuffering":false,"isLoaded":true,"messageIndex":1,"phase":"status","playbackMode":"live-get/run-5","positionMillis":42000,"timestamp":"2026-06-05T20:17:45.665Z"}
 INFO  [voice-playback-diagnostics] {"attemptId":"expo-av-live-get-1780690605706-9h5t4j","didJustFinish":false,"engine":"expo-av-live-get","isBuffering":false,"isLoaded":true,"messageIndex":1,"phase":"status","playbackMode":"live-get/run-5","positionMillis":43000,"timestamp":"2026-06-05T20:17:46.666Z"}
 INFO  [voice-playback-diagnostics] {"attemptId":"expo-av-live-get-1780690605706-9h5t4j","didJustFinish":false,"engine":"expo-av-live-get","isBuffering":false,"isLoaded":true,"messageIndex":1,"phase":"status","playbackMode":"live-get/run-5","positionMillis":44000,"timestamp":"2026-06-05T20:17:47.666Z"}
 INFO  [voice-playback-diagnostics] {"attemptId":"expo-av-live-get-1780690605706-9h5t4j","didJustFinish":false,"engine":"expo-av-live-get","isBuffering":false,"isLoaded":true,"messageIndex":1,"phase":"status","playbackMode":"live-get/run-5","positionMillis":45000,"timestamp":"2026-06-05T20:17:48.666Z"}
 INFO  [voice-playback-diagnostics] {"attemptId":"expo-av-live-get-1780690605706-9h5t4j","didJustFinish":false,"engine":"expo-av-live-get","isBuffering":false,"isLoaded":true,"messageIndex":1,"phase":"status","playbackMode":"live-get/run-5","positionMillis":46000,"timestamp":"2026-06-05T20:17:49.666Z"}
 INFO  [voice-playback-diagnostics] {"attemptId":"expo-av-live-get-1780690605706-9h5t4j","didJustFinish":false,"engine":"expo-av-live-get","isBuffering":false,"isLoaded":true,"messageIndex":1,"phase":"status","playbackMode":"live-get/run-5","positionMillis":47000,"timestamp":"2026-06-05T20:17:50.665Z"}
 INFO  [voice-playback-diagnostics] {"attemptId":"expo-av-live-get-1780690605706-9h5t4j","didJustFinish":false,"engine":"expo-av-live-get","isBuffering":false,"isLoaded":true,"messageIndex":1,"phase":"status","playbackMode":"live-get/run-5","positionMillis":48000,"timestamp":"2026-06-05T20:17:51.666Z"}
 INFO  [voice-playback-diagnostics] {"attemptId":"expo-av-live-get-1780690605706-9h5t4j","didJustFinish":false,"engine":"expo-av-live-get","isBuffering":false,"isLoaded":true,"messageIndex":1,"phase":"status","playbackMode":"live-get/run-5","positionMillis":49000,"timestamp":"2026-06-05T20:17:52.666Z"}
 INFO  [voice-playback-diagnostics] {"attemptId":"expo-av-live-get-1780690605706-9h5t4j","didJustFinish":false,"engine":"expo-av-live-get","isBuffering":false,"isLoaded":true,"messageIndex":1,"phase":"status","playbackMode":"live-get/run-5","positionMillis":50000,"timestamp":"2026-06-05T20:17:53.666Z"}
 INFO  [voice-playback-diagnostics] {"attemptId":"expo-av-live-get-1780690605706-9h5t4j","didJustFinish":false,"engine":"expo-av-live-get","isBuffering":false,"isLoaded":true,"messageIndex":1,"phase":"status","playbackMode":"live-get/run-5","positionMillis":51000,"timestamp":"2026-06-05T20:17:54.665Z"}
 INFO  [voice-playback-diagnostics] {"attemptId":"expo-av-live-get-1780690605706-9h5t4j","didJustFinish":false,"engine":"expo-av-live-get","isBuffering":false,"isLoaded":true,"messageIndex":1,"phase":"status","playbackMode":"live-get/run-5","positionMillis":52000,"timestamp":"2026-06-05T20:17:55.666Z"}
 INFO  [voice-playback-diagnostics] {"attemptId":"expo-av-live-get-1780690605706-9h5t4j","didJustFinish":false,"engine":"expo-av-live-get","isBuffering":false,"isLoaded":true,"messageIndex":1,"phase":"status","playbackMode":"live-get/run-5","positionMillis":53000,"timestamp":"2026-06-05T20:17:56.666Z"}
 INFO  [voice-playback-diagnostics] {"attemptId":"expo-av-live-get-1780690605706-9h5t4j","didJustFinish":false,"engine":"expo-av-live-get","isBuffering":false,"isLoaded":true,"messageIndex":1,"phase":"status","playbackMode":"live-get/run-5","positionMillis":54000,"timestamp":"2026-06-05T20:17:57.665Z"}
 INFO  [voice-playback-diagnostics] {"attemptId":"expo-av-live-get-1780690605706-9h5t4j","didJustFinish":false,"engine":"expo-av-live-get","isBuffering":false,"isLoaded":true,"messageIndex":1,"phase":"status","playbackMode":"live-get/run-5","positionMillis":55000,"timestamp":"2026-06-05T20:17:58.665Z"}
 INFO  [voice-playback-diagnostics] {"attemptId":"expo-av-live-get-1780690605706-9h5t4j","didJustFinish":false,"engine":"expo-av-live-get","isBuffering":false,"isLoaded":true,"messageIndex":1,"phase":"status","playbackMode":"live-get/run-5","positionMillis":56000,"timestamp":"2026-06-05T20:17:59.666Z"}
 INFO  [voice-playback-diagnostics] {"attemptId":"expo-av-live-get-1780690605706-9h5t4j","didJustFinish":false,"engine":"expo-av-live-get","isBuffering":false,"isLoaded":true,"messageIndex":1,"phase":"status","playbackMode":"live-get/run-5","positionMillis":57000,"timestamp":"2026-06-05T20:18:00.665Z"}
 INFO  [voice-playback-diagnostics] {"attemptId":"expo-av-live-get-1780690605706-9h5t4j","didJustFinish":false,"engine":"expo-av-live-get","isBuffering":false,"isLoaded":true,"messageIndex":1,"phase":"status","playbackMode":"live-get/run-5","positionMillis":58000,"timestamp":"2026-06-05T20:18:01.666Z"}
 INFO  [voice-playback-diagnostics] {"attemptId":"expo-av-live-get-1780690605706-9h5t4j","didJustFinish":false,"engine":"expo-av-live-get","isBuffering":false,"isLoaded":true,"messageIndex":1,"phase":"status","playbackMode":"live-get/run-5","positionMillis":59000,"timestamp":"2026-06-05T20:18:02.666Z"}
 INFO  [voice-playback-diagnostics] {"attemptId":"expo-av-live-get-1780690605706-9h5t4j","didJustFinish":false,"engine":"expo-av-live-get","isBuffering":false,"isLoaded":true,"messageIndex":1,"phase":"status","playbackMode":"live-get/run-5","positionMillis":60000,"timestamp":"2026-06-05T20:18:03.666Z"}
 INFO  [voice-playback-diagnostics] {"attemptId":"expo-av-live-get-1780690605706-9h5t4j","didJustFinish":false,"engine":"expo-av-live-get","isBuffering":false,"isLoaded":true,"messageIndex":1,"phase":"status","playbackMode":"live-get/run-5","positionMillis":61000,"timestamp":"2026-06-05T20:18:04.666Z"}
 INFO  [voice-playback-diagnostics] {"attemptId":"expo-av-live-get-1780690605706-9h5t4j","didJustFinish":false,"engine":"expo-av-live-get","isBuffering":false,"isLoaded":true,"messageIndex":1,"phase":"status","playbackMode":"live-get/run-5","positionMillis":62000,"timestamp":"2026-06-05T20:18:05.666Z"}
 INFO  [voice-playback-diagnostics] {"attemptId":"expo-av-live-get-1780690605706-9h5t4j","didJustFinish":false,"engine":"expo-av-live-get","isBuffering":false,"isLoaded":true,"messageIndex":1,"phase":"status","playbackMode":"live-get/run-5","positionMillis":63000,"timestamp":"2026-06-05T20:18:06.666Z"}
 INFO  [voice-playback-diagnostics] {"attemptId":"expo-av-live-get-1780690605706-9h5t4j","didJustFinish":false,"engine":"expo-av-live-get","isBuffering":false,"isLoaded":true,"messageIndex":1,"phase":"status","playbackMode":"live-get/run-5","positionMillis":64000,"timestamp":"2026-06-05T20:18:07.666Z"}
 INFO  [voice-playback-diagnostics] {"attemptId":"expo-av-live-get-1780690605706-9h5t4j","didJustFinish":false,"engine":"expo-av-live-get","isBuffering":false,"isLoaded":true,"messageIndex":1,"phase":"status","playbackMode":"live-get/run-5","positionMillis":65000,"timestamp":"2026-06-05T20:18:08.666Z"}
 INFO  [voice-playback-diagnostics] {"attemptId":"expo-av-live-get-1780690605706-9h5t4j","didJustFinish":false,"engine":"expo-av-live-get","isBuffering":false,"isLoaded":true,"messageIndex":1,"phase":"status","playbackMode":"live-get/run-5","positionMillis":66000,"timestamp":"2026-06-05T20:18:09.666Z"}
 INFO  [voice-playback-diagnostics] {"attemptId":"expo-av-live-get-1780690605706-9h5t4j","didJustFinish":false,"engine":"expo-av-live-get","isBuffering":false,"isLoaded":true,"messageIndex":1,"phase":"status","playbackMode":"live-get/run-5","positionMillis":67000,"timestamp":"2026-06-05T20:18:10.666Z"}
 INFO  [voice-playback-diagnostics] {"attemptId":"expo-av-live-get-1780690605706-9h5t4j","didJustFinish":false,"engine":"expo-av-live-get","isBuffering":false,"isLoaded":true,"messageIndex":1,"phase":"status","playbackMode":"live-get/run-5","positionMillis":68000,"timestamp":"2026-06-05T20:18:11.666Z"}
 INFO  [voice-playback-diagnostics] {"attemptId":"expo-av-live-get-1780690605706-9h5t4j","didJustFinish":false,"engine":"expo-av-live-get","isBuffering":false,"isLoaded":true,"messageIndex":1,"phase":"status","playbackMode":"live-get/run-5","positionMillis":69000,"timestamp":"2026-06-05T20:18:12.665Z"}
 INFO  [voice-playback-diagnostics] {"attemptId":"expo-av-live-get-1780690605706-9h5t4j","didJustFinish":false,"engine":"expo-av-live-get","isBuffering":false,"isLoaded":true,"messageIndex":1,"phase":"status","playbackMode":"live-get/run-5","positionMillis":70000,"timestamp":"2026-06-05T20:18:13.665Z"}
 INFO  [voice-playback-diagnostics] {"attemptId":"expo-av-live-get-1780690605706-9h5t4j","didJustFinish":false,"engine":"expo-av-live-get","isBuffering":false,"isLoaded":true,"messageIndex":1,"phase":"status","playbackMode":"live-get/run-5","positionMillis":71000,"timestamp":"2026-06-05T20:18:14.666Z"}
 INFO  [voice-playback-diagnostics] {"attemptId":"expo-av-live-get-1780690605706-9h5t4j","didJustFinish":false,"engine":"expo-av-live-get","isBuffering":false,"isLoaded":true,"messageIndex":1,"phase":"status","playbackMode":"live-get/run-5","positionMillis":72000,"timestamp":"2026-06-05T20:18:15.666Z"}
 INFO  [voice-playback-diagnostics] {"attemptId":"expo-av-live-get-1780690605706-9h5t4j","didJustFinish":false,"engine":"expo-av-live-get","isBuffering":false,"isLoaded":true,"messageIndex":1,"phase":"status","playbackMode":"live-get/run-5","positionMillis":73000,"timestamp":"2026-06-05T20:18:16.666Z"}
 INFO  [voice-playback-diagnostics] {"attemptId":"expo-av-live-get-1780690605706-9h5t4j","didJustFinish":false,"engine":"expo-av-live-get","isBuffering":false,"isLoaded":true,"messageIndex":1,"phase":"status","playbackMode":"live-get/run-5","positionMillis":74000,"timestamp":"2026-06-05T20:18:17.666Z"}
 INFO  [voice-playback-diagnostics] {"attemptId":"expo-av-live-get-1780690605706-9h5t4j","didJustFinish":false,"engine":"expo-av-live-get","isBuffering":false,"isLoaded":true,"messageIndex":1,"phase":"status","playbackMode":"live-get/run-5","positionMillis":75000,"timestamp":"2026-06-05T20:18:18.666Z"}
[MediaToolbox] <<HLS-FASB>> signalled err=-15514 at <>:1042
 INFO  [voice-playback-diagnostics] {"attemptId":"expo-av-live-get-1780690605706-9h5t4j","didJustFinish":false,"engine":"expo-av-live-get","isBuffering":false,"isLoaded":true,"messageIndex":1,"phase":"status","playbackMode":"live-get/run-5","positionMillis":75824,"timestamp":"2026-06-05T20:18:19.489Z"}
[MediaToolbox] <<HLS-FASB>> signalled err=-15514 at <>:1042
[MediaToolbox] <<HLS-FASB>> signalled err=-15514 at <>:991
[MediaToolbox] <<HLS-FASB>> signalled err=-15514 at <>:991
[MediaToolbox] <<HLS-FASB>> signalled err=-15514 at <>:1042
[MediaToolbox] <<HLS-FASB>> signalled err=-15514 at <>:1042
[MediaToolbox] (Fig) signalled err=-12785 at <>:1469
[MediaToolbox] <<<< ICY PUMP >>>> signalled err=-12785 at <>:1427
[MediaToolbox] <<<< ICY PUMP >>>> signalled err=-12785 at <>:1427
[MediaToolbox] <<<< FIM >>>> signalled err=-16042 at <>:2634
 INFO  [voice-playback-diagnostics] {"attemptId":"expo-av-live-get-1780690605706-9h5t4j","didJustFinish":true,"engine":"expo-av-live-get","isBuffering":false,"isLoaded":true,"messageIndex":1,"phase":"status","playbackMode":"live-get/run-5","positionMillis":75824,"timestamp":"2026-06-05T20:18:19.508Z"}
 INFO  [voice-playback-diagnostics] {"attemptId":"expo-av-live-get-1780690605706-9h5t4j","engine":"expo-av-live-get","messageIndex":1,"phase":"finish","playbackMode":"live-get/run-5","positionMillis":75824,"timestamp":"2026-06-05T20:18:19.526Z"}
 INFO  [voice-playback-diagnostics] {"attemptId":"expo-av-live-get-1780690699563-ml8jd7","engine":"expo-av-live-get","messageIndex":1,"phase":"create","playbackMode":"live-get/run-6","timestamp":"2026-06-05T20:18:19.563Z"}
 INFO  [voice-playback-diagnostics] {"attemptId":"expo-av-live-get-1780690699563-ml8jd7","engine":"expo-av-live-get","httpStatus":200,"messageIndex":1,"phase":"fetch","playbackMode":"probe-get/run-6/audio/mpeg","timestamp":"2026-06-05T20:18:32.559Z"}
[CoreMedia] <<< timebase >>> signalled err=-12753 at <>:3981
[MediaToolbox] <<<< FigStreamPlayer >>>> signalled err=-12860 at <>:29920
[MediaToolbox] <<<< ICY PUMP >>>> signalled err=-12640 at <>:1512
[MediaToolbox] <<<< ICY PUMP >>>> signalled err=-12640 at <>:1512
[MediaToolbox] <<<< ICY PUMP >>>> signalled err=-12640 at <>:1512
[MediaToolbox] <<<< ICY PUMP >>>> signalled err=-12640 at <>:1512
[MediaToolbox] <<<< ICY PUMP >>>> signalled err=-12640 at <>:1512
[MediaToolbox] <<<< ICY PUMP >>>> signalled err=-12640 at <>:1512
[MediaToolbox] <<<< ICY PUMP >>>> signalled err=-12640 at <>:1512
[MediaToolbox] <<HLS-FASB>> signalled err=-15514 at <>:1053
[CoreMedia] <<< timebase >>> signalled err=-12753 at <>:3981
[MediaToolbox] <<<< FigStreamPlayer >>>> signalled err=-12783 at <>:63418
[MediaToolbox] <<<< FigStreamPlayer >>>> signalled err=-12783 at <>:63418
[CoreMedia] <<< timebase >>> signalled err=-12753 at <>:3981
[MediaToolbox] <<<< FigStreamPlayer >>>> signalled err=-12783 at <>:63418
[AudioToolbox]        LoudnessManager.mm:1215  IsHardwareSupported: no plist
loaded, returning false
[AudioToolbox]        LoudnessManager.mm:1215  IsHardwareSupported: no plist
loaded, returning false
[AudioToolbox]        LoudnessManager.mm:1215  IsHardwareSupported: no plist
loaded, returning false
[MediaToolbox] <<HLS-FASB>> signalled err=-15514 at <>:1042
[MediaToolbox] metricevent_subscriber signalled err=-19772 at <>:364
[AudioToolbox]        LoudnessManager.mm:1215  IsHardwareSupported: no plist
loaded, returning false
[AudioToolbox]        LoudnessManager.mm:1215  IsHardwareSupported: no plist
loaded, returning false
[AudioToolbox]        LoudnessManager.mm:1215  IsHardwareSupported: no plist
loaded, returning false
[MediaToolbox] <<HLS-FASB>> signalled err=-15514 at <>:1042
[MediaToolbox] <<HLS-FASB>> signalled err=-15514 at <>:1042
 INFO  [voice-playback-diagnostics] {"attemptId":"expo-av-live-get-1780690699563-ml8jd7","didJustFinish":false,"engine":"expo-av-live-get","isBuffering":true,"isLoaded":true,"messageIndex":1,"phase":"status","playbackMode":"live-get/run-6","positionMillis":0,"timestamp":"2026-06-05T20:18:37.424Z"}
 INFO  [voice-playback-diagnostics] {"attemptId":"expo-av-live-get-1780690699563-ml8jd7","engine":"expo-av-live-get","messageIndex":1,"phase":"play","playbackMode":"live-get/run-6","timestamp":"2026-06-05T20:18:37.443Z"}
 INFO  [voice-playback-diagnostics] {"attemptId":"expo-av-live-get-1780690699563-ml8jd7","didJustFinish":false,"engine":"expo-av-live-get","isBuffering":true,"isLoaded":true,"messageIndex":1,"phase":"status","playbackMode":"live-get/run-6","positionMillis":0,"timestamp":"2026-06-05T20:18:37.461Z"}
 INFO  [voice-playback-diagnostics] {"attemptId":"expo-av-live-get-1780690699563-ml8jd7","didJustFinish":false,"engine":"expo-av-live-get","isBuffering":false,"isLoaded":true,"messageIndex":1,"phase":"status","playbackMode":"live-get/run-6","positionMillis":0,"timestamp":"2026-06-05T20:18:37.480Z"}
 INFO  [voice-playback-diagnostics] {"attemptId":"expo-av-live-get-1780690699563-ml8jd7","didJustFinish":false,"engine":"expo-av-live-get","isBuffering":false,"isLoaded":true,"messageIndex":1,"phase":"status","playbackMode":"live-get/run-6","positionMillis":1000,"timestamp":"2026-06-05T20:18:38.493Z"}
 INFO  [voice-playback-diagnostics] {"attemptId":"expo-av-live-get-1780690699563-ml8jd7","didJustFinish":false,"engine":"expo-av-live-get","isBuffering":false,"isLoaded":true,"messageIndex":1,"phase":"status","playbackMode":"live-get/run-6","positionMillis":2000,"timestamp":"2026-06-05T20:18:39.493Z"}
 INFO  [voice-playback-diagnostics] {"attemptId":"expo-av-live-get-1780690699563-ml8jd7","didJustFinish":false,"engine":"expo-av-live-get","isBuffering":false,"isLoaded":true,"messageIndex":1,"phase":"status","playbackMode":"live-get/run-6","positionMillis":3000,"timestamp":"2026-06-05T20:18:40.493Z"}
 INFO  [voice-playback-diagnostics] {"attemptId":"expo-av-live-get-1780690699563-ml8jd7","didJustFinish":false,"engine":"expo-av-live-get","isBuffering":false,"isLoaded":true,"messageIndex":1,"phase":"status","playbackMode":"live-get/run-6","positionMillis":4000,"timestamp":"2026-06-05T20:18:41.493Z"}
 INFO  [voice-playback-diagnostics] {"attemptId":"expo-av-live-get-1780690699563-ml8jd7","didJustFinish":false,"engine":"expo-av-live-get","isBuffering":false,"isLoaded":true,"messageIndex":1,"phase":"status","playbackMode":"live-get/run-6","positionMillis":5000,"timestamp":"2026-06-05T20:18:42.493Z"}
 INFO  [voice-playback-diagnostics] {"attemptId":"expo-av-live-get-1780690699563-ml8jd7","didJustFinish":false,"engine":"expo-av-live-get","isBuffering":false,"isLoaded":true,"messageIndex":1,"phase":"status","playbackMode":"live-get/run-6","positionMillis":6000,"timestamp":"2026-06-05T20:18:43.493Z"}
 INFO  [voice-playback-diagnostics] {"attemptId":"expo-av-live-get-1780690699563-ml8jd7","didJustFinish":false,"engine":"expo-av-live-get","isBuffering":false,"isLoaded":true,"messageIndex":1,"phase":"status","playbackMode":"live-get/run-6","positionMillis":7000,"timestamp":"2026-06-05T20:18:44.493Z"}
[MediaToolbox] <<HLS-FASB>> signalled err=-15514 at <>:1042
 INFO  [voice-playback-diagnostics] {"attemptId":"expo-av-live-get-1780690699563-ml8jd7","didJustFinish":false,"engine":"expo-av-live-get","isBuffering":false,"isLoaded":true,"messageIndex":1,"phase":"status","playbackMode":"live-get/run-6","positionMillis":8000,"timestamp":"2026-06-05T20:18:45.493Z"}
[MediaToolbox] <<HLS-FASB>> signalled err=-15514 at <>:1042
[MediaToolbox] <<HLS-FASB>> signalled err=-15514 at <>:1042
[MediaToolbox] <<HLS-FASB>> signalled err=-15514 at <>:1042
[MediaToolbox] <<HLS-FASB>> signalled err=-15514 at <>:1042
 INFO  [voice-playback-diagnostics] {"attemptId":"expo-av-live-get-1780690699563-ml8jd7","didJustFinish":false,"engine":"expo-av-live-get","isBuffering":false,"isLoaded":true,"messageIndex":1,"phase":"status","playbackMode":"live-get/run-6","positionMillis":9000,"timestamp":"2026-06-05T20:18:46.493Z"}
 INFO  [voice-playback-diagnostics] {"attemptId":"expo-av-live-get-1780690699563-ml8jd7","didJustFinish":false,"engine":"expo-av-live-get","isBuffering":false,"isLoaded":true,"messageIndex":1,"phase":"status","playbackMode":"live-get/run-6","positionMillis":10000,"timestamp":"2026-06-05T20:18:47.493Z"}
 INFO  [voice-playback-diagnostics] {"attemptId":"expo-av-live-get-1780690699563-ml8jd7","didJustFinish":false,"engine":"expo-av-live-get","isBuffering":false,"isLoaded":true,"messageIndex":1,"phase":"status","playbackMode":"live-get/run-6","positionMillis":11000,"timestamp":"2026-06-05T20:18:48.493Z"}
 INFO  [voice-playback-diagnostics] {"attemptId":"expo-av-live-get-1780690699563-ml8jd7","didJustFinish":false,"engine":"expo-av-live-get","isBuffering":false,"isLoaded":true,"messageIndex":1,"phase":"status","playbackMode":"live-get/run-6","positionMillis":12000,"timestamp":"2026-06-05T20:18:49.493Z"}
 INFO  [voice-playback-diagnostics] {"attemptId":"expo-av-live-get-1780690699563-ml8jd7","didJustFinish":false,"engine":"expo-av-live-get","isBuffering":false,"isLoaded":true,"messageIndex":1,"phase":"status","playbackMode":"live-get/run-6","positionMillis":13000,"timestamp":"2026-06-05T20:18:50.493Z"}
[MediaToolbox] <<HLS-FASB>> signalled err=-15514 at <>:1042
[MediaToolbox] <<HLS-FASB>> signalled err=-15514 at <>:1042
 INFO  [voice-playback-diagnostics] {"attemptId":"expo-av-live-get-1780690699563-ml8jd7","didJustFinish":false,"engine":"expo-av-live-get","isBuffering":false,"isLoaded":true,"messageIndex":1,"phase":"status","playbackMode":"live-get/run-6","positionMillis":14000,"timestamp":"2026-06-05T20:18:51.493Z"}
 INFO  [voice-playback-diagnostics] {"attemptId":"expo-av-live-get-1780690699563-ml8jd7","didJustFinish":false,"engine":"expo-av-live-get","isBuffering":false,"isLoaded":true,"messageIndex":1,"phase":"status","playbackMode":"live-get/run-6","positionMillis":15000,"timestamp":"2026-06-05T20:18:52.493Z"}
 INFO  [voice-playback-diagnostics] {"attemptId":"expo-av-live-get-1780690699563-ml8jd7","didJustFinish":false,"engine":"expo-av-live-get","isBuffering":false,"isLoaded":true,"messageIndex":1,"phase":"status","playbackMode":"live-get/run-6","positionMillis":16000,"timestamp":"2026-06-05T20:18:53.493Z"}
[MediaToolbox] <<HLS-FASB>> signalled err=-15514 at <>:1042
[MediaToolbox] <<HLS-FASB>> signalled err=-15514 at <>:1042
[MediaToolbox] <<<< ICY PUMP >>>> signalled err=-12640 at <>:1512
[MediaToolbox] <<<< ICY PUMP >>>> signalled err=-12640 at <>:1512
[MediaToolbox] <<<< ICY PUMP >>>> signalled err=-12640 at <>:1512
[MediaToolbox] <<<< ICY PUMP >>>> signalled err=-12640 at <>:1512
[MediaToolbox] <<<< ICY PUMP >>>> signalled err=-12640 at <>:1512
[MediaToolbox] <<<< ICY PUMP >>>> signalled err=-12640 at <>:1512
[MediaToolbox] <<<< ICY PUMP >>>> signalled err=-12640 at <>:1512
[MediaToolbox] <<HLS-FASB>> signalled err=-15514 at <>:1053
 INFO  [voice-playback-diagnostics] {"attemptId":"expo-av-live-get-1780690699563-ml8jd7","didJustFinish":false,"engine":"expo-av-live-get","isBuffering":false,"isLoaded":true,"messageIndex":1,"phase":"status","playbackMode":"live-get/run-6","positionMillis":17000,"timestamp":"2026-06-05T20:18:54.493Z"}
[AudioToolbox]        LoudnessManager.mm:1215  IsHardwareSupported: no plist
loaded, returning false
[AudioToolbox]        LoudnessManager.mm:1215  IsHardwareSupported: no plist
loaded, returning false
[AudioToolbox]        LoudnessManager.mm:1215  IsHardwareSupported: no plist
loaded, returning false
 INFO  [voice-playback-diagnostics] {"attemptId":"expo-av-live-get-1780690699563-ml8jd7","didJustFinish":false,"engine":"expo-av-live-get","isBuffering":false,"isLoaded":true,"messageIndex":1,"phase":"status","playbackMode":"live-get/run-6","positionMillis":18000,"timestamp":"2026-06-05T20:18:55.493Z"}
[MediaToolbox] metricevent_subscriber signalled err=-19772 at <>:364
 INFO  [voice-playback-diagnostics] {"attemptId":"expo-av-live-get-1780690699563-ml8jd7","didJustFinish":false,"engine":"expo-av-live-get","isBuffering":false,"isLoaded":true,"messageIndex":1,"phase":"status","playbackMode":"live-get/run-6","positionMillis":19000,"timestamp":"2026-06-05T20:18:56.493Z"}
 INFO  [voice-playback-diagnostics] {"attemptId":"expo-av-live-get-1780690699563-ml8jd7","didJustFinish":false,"engine":"expo-av-live-get","isBuffering":false,"isLoaded":true,"messageIndex":1,"phase":"status","playbackMode":"live-get/run-6","positionMillis":20000,"timestamp":"2026-06-05T20:18:57.493Z"}
 INFO  [voice-playback-diagnostics] {"attemptId":"expo-av-live-get-1780690699563-ml8jd7","didJustFinish":false,"engine":"expo-av-live-get","isBuffering":false,"isLoaded":true,"messageIndex":1,"phase":"status","playbackMode":"live-get/run-6","positionMillis":21000,"timestamp":"2026-06-05T20:18:58.493Z"}
 INFO  [voice-playback-diagnostics] {"attemptId":"expo-av-live-get-1780690699563-ml8jd7","didJustFinish":false,"engine":"expo-av-live-get","isBuffering":false,"isLoaded":true,"messageIndex":1,"phase":"status","playbackMode":"live-get/run-6","positionMillis":22000,"timestamp":"2026-06-05T20:18:59.493Z"}
 INFO  [voice-playback-diagnostics] {"attemptId":"expo-av-live-get-1780690699563-ml8jd7","didJustFinish":false,"engine":"expo-av-live-get","isBuffering":false,"isLoaded":true,"messageIndex":1,"phase":"status","playbackMode":"live-get/run-6","positionMillis":23000,"timestamp":"2026-06-05T20:19:00.493Z"}
 INFO  [voice-playback-diagnostics] {"attemptId":"expo-av-live-get-1780690699563-ml8jd7","didJustFinish":false,"engine":"expo-av-live-get","isBuffering":false,"isLoaded":true,"messageIndex":1,"phase":"status","playbackMode":"live-get/run-6","positionMillis":24000,"timestamp":"2026-06-05T20:19:01.493Z"}
 INFO  [voice-playback-diagnostics] {"attemptId":"expo-av-live-get-1780690699563-ml8jd7","didJustFinish":false,"engine":"expo-av-live-get","isBuffering":false,"isLoaded":true,"messageIndex":1,"phase":"status","playbackMode":"live-get/run-6","positionMillis":25000,"timestamp":"2026-06-05T20:19:02.493Z"}
 INFO  [voice-playback-diagnostics] {"attemptId":"expo-av-live-get-1780690699563-ml8jd7","didJustFinish":false,"engine":"expo-av-live-get","isBuffering":false,"isLoaded":true,"messageIndex":1,"phase":"status","playbackMode":"live-get/run-6","positionMillis":26000,"timestamp":"2026-06-05T20:19:03.493Z"}
 INFO  [voice-playback-diagnostics] {"attemptId":"expo-av-live-get-1780690699563-ml8jd7","didJustFinish":false,"engine":"expo-av-live-get","isBuffering":false,"isLoaded":true,"messageIndex":1,"phase":"status","playbackMode":"live-get/run-6","positionMillis":27000,"timestamp":"2026-06-05T20:19:04.493Z"}
 INFO  [voice-playback-diagnostics] {"attemptId":"expo-av-live-get-1780690699563-ml8jd7","didJustFinish":false,"engine":"expo-av-live-get","isBuffering":false,"isLoaded":true,"messageIndex":1,"phase":"status","playbackMode":"live-get/run-6","positionMillis":28000,"timestamp":"2026-06-05T20:19:05.493Z"}
 INFO  [voice-playback-diagnostics] {"attemptId":"expo-av-live-get-1780690699563-ml8jd7","didJustFinish":false,"engine":"expo-av-live-get","isBuffering":false,"isLoaded":true,"messageIndex":1,"phase":"status","playbackMode":"live-get/run-6","positionMillis":29000,"timestamp":"2026-06-05T20:19:06.493Z"}
 INFO  [voice-playback-diagnostics] {"attemptId":"expo-av-live-get-1780690699563-ml8jd7","didJustFinish":false,"engine":"expo-av-live-get","isBuffering":false,"isLoaded":true,"messageIndex":1,"phase":"status","playbackMode":"live-get/run-6","positionMillis":30000,"timestamp":"2026-06-05T20:19:07.493Z"}
 INFO  [voice-playback-diagnostics] {"attemptId":"expo-av-live-get-1780690699563-ml8jd7","didJustFinish":false,"engine":"expo-av-live-get","isBuffering":false,"isLoaded":true,"messageIndex":1,"phase":"status","playbackMode":"live-get/run-6","positionMillis":31000,"timestamp":"2026-06-05T20:19:08.494Z"}
 INFO  [voice-playback-diagnostics] {"attemptId":"expo-av-live-get-1780690699563-ml8jd7","didJustFinish":false,"engine":"expo-av-live-get","isBuffering":false,"isLoaded":true,"messageIndex":1,"phase":"status","playbackMode":"live-get/run-6","positionMillis":32000,"timestamp":"2026-06-05T20:19:09.493Z"}
 INFO  [voice-playback-diagnostics] {"attemptId":"expo-av-live-get-1780690699563-ml8jd7","didJustFinish":false,"engine":"expo-av-live-get","isBuffering":false,"isLoaded":true,"messageIndex":1,"phase":"status","playbackMode":"live-get/run-6","positionMillis":33000,"timestamp":"2026-06-05T20:19:10.493Z"}
 INFO  [voice-playback-diagnostics] {"attemptId":"expo-av-live-get-1780690699563-ml8jd7","didJustFinish":false,"engine":"expo-av-live-get","isBuffering":false,"isLoaded":true,"messageIndex":1,"phase":"status","playbackMode":"live-get/run-6","positionMillis":34000,"timestamp":"2026-06-05T20:19:11.493Z"}
 INFO  [voice-playback-diagnostics] {"attemptId":"expo-av-live-get-1780690699563-ml8jd7","didJustFinish":false,"engine":"expo-av-live-get","isBuffering":false,"isLoaded":true,"messageIndex":1,"phase":"status","playbackMode":"live-get/run-6","positionMillis":35000,"timestamp":"2026-06-05T20:19:12.494Z"}
 INFO  [voice-playback-diagnostics] {"attemptId":"expo-av-live-get-1780690699563-ml8jd7","didJustFinish":false,"engine":"expo-av-live-get","isBuffering":false,"isLoaded":true,"messageIndex":1,"phase":"status","playbackMode":"live-get/run-6","positionMillis":36000,"timestamp":"2026-06-05T20:19:13.493Z"}
 INFO  [voice-playback-diagnostics] {"attemptId":"expo-av-live-get-1780690699563-ml8jd7","didJustFinish":false,"engine":"expo-av-live-get","isBuffering":false,"isLoaded":true,"messageIndex":1,"phase":"status","playbackMode":"live-get/run-6","positionMillis":37000,"timestamp":"2026-06-05T20:19:14.494Z"}
 INFO  [voice-playback-diagnostics] {"attemptId":"expo-av-live-get-1780690699563-ml8jd7","didJustFinish":false,"engine":"expo-av-live-get","isBuffering":false,"isLoaded":true,"messageIndex":1,"phase":"status","playbackMode":"live-get/run-6","positionMillis":38000,"timestamp":"2026-06-05T20:19:15.493Z"}
 INFO  [voice-playback-diagnostics] {"attemptId":"expo-av-live-get-1780690699563-ml8jd7","didJustFinish":false,"engine":"expo-av-live-get","isBuffering":false,"isLoaded":true,"messageIndex":1,"phase":"status","playbackMode":"live-get/run-6","positionMillis":39000,"timestamp":"2026-06-05T20:19:16.493Z"}
 INFO  [voice-playback-diagnostics] {"attemptId":"expo-av-live-get-1780690699563-ml8jd7","didJustFinish":false,"engine":"expo-av-live-get","isBuffering":false,"isLoaded":true,"messageIndex":1,"phase":"status","playbackMode":"live-get/run-6","positionMillis":40000,"timestamp":"2026-06-05T20:19:17.493Z"}
 INFO  [voice-playback-diagnostics] {"attemptId":"expo-av-live-get-1780690699563-ml8jd7","didJustFinish":false,"engine":"expo-av-live-get","isBuffering":false,"isLoaded":true,"messageIndex":1,"phase":"status","playbackMode":"live-get/run-6","positionMillis":41000,"timestamp":"2026-06-05T20:19:18.493Z"}
 INFO  [voice-playback-diagnostics] {"attemptId":"expo-av-live-get-1780690699563-ml8jd7","didJustFinish":false,"engine":"expo-av-live-get","isBuffering":false,"isLoaded":true,"messageIndex":1,"phase":"status","playbackMode":"live-get/run-6","positionMillis":42000,"timestamp":"2026-06-05T20:19:19.493Z"}
 INFO  [voice-playback-diagnostics] {"attemptId":"expo-av-live-get-1780690699563-ml8jd7","didJustFinish":false,"engine":"expo-av-live-get","isBuffering":false,"isLoaded":true,"messageIndex":1,"phase":"status","playbackMode":"live-get/run-6","positionMillis":43000,"timestamp":"2026-06-05T20:19:20.494Z"}
 INFO  [voice-playback-diagnostics] {"attemptId":"expo-av-live-get-1780690699563-ml8jd7","didJustFinish":false,"engine":"expo-av-live-get","isBuffering":false,"isLoaded":true,"messageIndex":1,"phase":"status","playbackMode":"live-get/run-6","positionMillis":44000,"timestamp":"2026-06-05T20:19:21.494Z"}
 INFO  [voice-playback-diagnostics] {"attemptId":"expo-av-live-get-1780690699563-ml8jd7","didJustFinish":false,"engine":"expo-av-live-get","isBuffering":false,"isLoaded":true,"messageIndex":1,"phase":"status","playbackMode":"live-get/run-6","positionMillis":45000,"timestamp":"2026-06-05T20:19:22.493Z"}
 INFO  [voice-playback-diagnostics] {"attemptId":"expo-av-live-get-1780690699563-ml8jd7","didJustFinish":false,"engine":"expo-av-live-get","isBuffering":false,"isLoaded":true,"messageIndex":1,"phase":"status","playbackMode":"live-get/run-6","positionMillis":46000,"timestamp":"2026-06-05T20:19:23.494Z"}
 INFO  [voice-playback-diagnostics] {"attemptId":"expo-av-live-get-1780690699563-ml8jd7","didJustFinish":false,"engine":"expo-av-live-get","isBuffering":false,"isLoaded":true,"messageIndex":1,"phase":"status","playbackMode":"live-get/run-6","positionMillis":47000,"timestamp":"2026-06-05T20:19:24.493Z"}
 INFO  [voice-playback-diagnostics] {"attemptId":"expo-av-live-get-1780690699563-ml8jd7","didJustFinish":false,"engine":"expo-av-live-get","isBuffering":false,"isLoaded":true,"messageIndex":1,"phase":"status","playbackMode":"live-get/run-6","positionMillis":48000,"timestamp":"2026-06-05T20:19:25.493Z"}
 INFO  [voice-playback-diagnostics] {"attemptId":"expo-av-live-get-1780690699563-ml8jd7","didJustFinish":false,"engine":"expo-av-live-get","isBuffering":false,"isLoaded":true,"messageIndex":1,"phase":"status","playbackMode":"live-get/run-6","positionMillis":49000,"timestamp":"2026-06-05T20:19:26.493Z"}
 INFO  [voice-playback-diagnostics] {"attemptId":"expo-av-live-get-1780690699563-ml8jd7","didJustFinish":false,"engine":"expo-av-live-get","isBuffering":false,"isLoaded":true,"messageIndex":1,"phase":"status","playbackMode":"live-get/run-6","positionMillis":50000,"timestamp":"2026-06-05T20:19:27.494Z"}
 INFO  [voice-playback-diagnostics] {"attemptId":"expo-av-live-get-1780690699563-ml8jd7","didJustFinish":false,"engine":"expo-av-live-get","isBuffering":false,"isLoaded":true,"messageIndex":1,"phase":"status","playbackMode":"live-get/run-6","positionMillis":51000,"timestamp":"2026-06-05T20:19:28.494Z"}
 INFO  [voice-playback-diagnostics] {"attemptId":"expo-av-live-get-1780690699563-ml8jd7","didJustFinish":false,"engine":"expo-av-live-get","isBuffering":false,"isLoaded":true,"messageIndex":1,"phase":"status","playbackMode":"live-get/run-6","positionMillis":52000,"timestamp":"2026-06-05T20:19:29.494Z"}
 INFO  [voice-playback-diagnostics] {"attemptId":"expo-av-live-get-1780690699563-ml8jd7","didJustFinish":false,"engine":"expo-av-live-get","isBuffering":false,"isLoaded":true,"messageIndex":1,"phase":"status","playbackMode":"live-get/run-6","positionMillis":53000,"timestamp":"2026-06-05T20:19:30.494Z"}
 INFO  [voice-playback-diagnostics] {"attemptId":"expo-av-live-get-1780690699563-ml8jd7","didJustFinish":false,"engine":"expo-av-live-get","isBuffering":false,"isLoaded":true,"messageIndex":1,"phase":"status","playbackMode":"live-get/run-6","positionMillis":54000,"timestamp":"2026-06-05T20:19:31.494Z"}
 INFO  [voice-playback-diagnostics] {"attemptId":"expo-av-live-get-1780690699563-ml8jd7","didJustFinish":false,"engine":"expo-av-live-get","isBuffering":false,"isLoaded":true,"messageIndex":1,"phase":"status","playbackMode":"live-get/run-6","positionMillis":55000,"timestamp":"2026-06-05T20:19:32.494Z"}
 INFO  [voice-playback-diagnostics] {"attemptId":"expo-av-live-get-1780690699563-ml8jd7","didJustFinish":false,"engine":"expo-av-live-get","isBuffering":false,"isLoaded":true,"messageIndex":1,"phase":"status","playbackMode":"live-get/run-6","positionMillis":56000,"timestamp":"2026-06-05T20:19:33.494Z"}
 INFO  [voice-playback-diagnostics] {"attemptId":"expo-av-live-get-1780690699563-ml8jd7","didJustFinish":false,"engine":"expo-av-live-get","isBuffering":false,"isLoaded":true,"messageIndex":1,"phase":"status","playbackMode":"live-get/run-6","positionMillis":57000,"timestamp":"2026-06-05T20:19:34.494Z"}
 INFO  [voice-playback-diagnostics] {"attemptId":"expo-av-live-get-1780690699563-ml8jd7","didJustFinish":false,"engine":"expo-av-live-get","isBuffering":false,"isLoaded":true,"messageIndex":1,"phase":"status","playbackMode":"live-get/run-6","positionMillis":58000,"timestamp":"2026-06-05T20:19:35.494Z"}
 INFO  [voice-playback-diagnostics] {"attemptId":"expo-av-live-get-1780690699563-ml8jd7","didJustFinish":false,"engine":"expo-av-live-get","isBuffering":false,"isLoaded":true,"messageIndex":1,"phase":"status","playbackMode":"live-get/run-6","positionMillis":59000,"timestamp":"2026-06-05T20:19:36.494Z"}
 INFO  [voice-playback-diagnostics] {"attemptId":"expo-av-live-get-1780690699563-ml8jd7","didJustFinish":false,"engine":"expo-av-live-get","isBuffering":false,"isLoaded":true,"messageIndex":1,"phase":"status","playbackMode":"live-get/run-6","positionMillis":60000,"timestamp":"2026-06-05T20:19:37.494Z"}
 INFO  [voice-playback-diagnostics] {"attemptId":"expo-av-live-get-1780690699563-ml8jd7","didJustFinish":false,"engine":"expo-av-live-get","isBuffering":false,"isLoaded":true,"messageIndex":1,"phase":"status","playbackMode":"live-get/run-6","positionMillis":61000,"timestamp":"2026-06-05T20:19:38.494Z"}
 INFO  [voice-playback-diagnostics] {"attemptId":"expo-av-live-get-1780690699563-ml8jd7","didJustFinish":false,"engine":"expo-av-live-get","isBuffering":false,"isLoaded":true,"messageIndex":1,"phase":"status","playbackMode":"live-get/run-6","positionMillis":62000,"timestamp":"2026-06-05T20:19:39.494Z"}
 INFO  [voice-playback-diagnostics] {"attemptId":"expo-av-live-get-1780690699563-ml8jd7","didJustFinish":false,"engine":"expo-av-live-get","isBuffering":false,"isLoaded":true,"messageIndex":1,"phase":"status","playbackMode":"live-get/run-6","positionMillis":63000,"timestamp":"2026-06-05T20:19:40.493Z"}
 INFO  [voice-playback-diagnostics] {"attemptId":"expo-av-live-get-1780690699563-ml8jd7","didJustFinish":false,"engine":"expo-av-live-get","isBuffering":false,"isLoaded":true,"messageIndex":1,"phase":"status","playbackMode":"live-get/run-6","positionMillis":64000,"timestamp":"2026-06-05T20:19:41.494Z"}
 INFO  [voice-playback-diagnostics] {"attemptId":"expo-av-live-get-1780690699563-ml8jd7","didJustFinish":false,"engine":"expo-av-live-get","isBuffering":false,"isLoaded":true,"messageIndex":1,"phase":"status","playbackMode":"live-get/run-6","positionMillis":65000,"timestamp":"2026-06-05T20:19:42.494Z"}
 INFO  [voice-playback-diagnostics] {"attemptId":"expo-av-live-get-1780690699563-ml8jd7","didJustFinish":false,"engine":"expo-av-live-get","isBuffering":false,"isLoaded":true,"messageIndex":1,"phase":"status","playbackMode":"live-get/run-6","positionMillis":66000,"timestamp":"2026-06-05T20:19:43.494Z"}
 INFO  [voice-playback-diagnostics] {"attemptId":"expo-av-live-get-1780690699563-ml8jd7","didJustFinish":false,"engine":"expo-av-live-get","isBuffering":false,"isLoaded":true,"messageIndex":1,"phase":"status","playbackMode":"live-get/run-6","positionMillis":67000,"timestamp":"2026-06-05T20:19:44.494Z"}
 INFO  [voice-playback-diagnostics] {"attemptId":"expo-av-live-get-1780690699563-ml8jd7","didJustFinish":false,"engine":"expo-av-live-get","isBuffering":false,"isLoaded":true,"messageIndex":1,"phase":"status","playbackMode":"live-get/run-6","positionMillis":68000,"timestamp":"2026-06-05T20:19:45.493Z"}
 INFO  [voice-playback-diagnostics] {"attemptId":"expo-av-live-get-1780690699563-ml8jd7","didJustFinish":false,"engine":"expo-av-live-get","isBuffering":false,"isLoaded":true,"messageIndex":1,"phase":"status","playbackMode":"live-get/run-6","positionMillis":69000,"timestamp":"2026-06-05T20:19:46.494Z"}
 INFO  [voice-playback-diagnostics] {"attemptId":"expo-av-live-get-1780690699563-ml8jd7","didJustFinish":false,"engine":"expo-av-live-get","isBuffering":false,"isLoaded":true,"messageIndex":1,"phase":"status","playbackMode":"live-get/run-6","positionMillis":70000,"timestamp":"2026-06-05T20:19:47.494Z"}
 INFO  [voice-playback-diagnostics] {"attemptId":"expo-av-live-get-1780690699563-ml8jd7","didJustFinish":false,"engine":"expo-av-live-get","isBuffering":false,"isLoaded":true,"messageIndex":1,"phase":"status","playbackMode":"live-get/run-6","positionMillis":71000,"timestamp":"2026-06-05T20:19:48.494Z"}
 INFO  [voice-playback-diagnostics] {"attemptId":"expo-av-live-get-1780690699563-ml8jd7","didJustFinish":false,"engine":"expo-av-live-get","isBuffering":false,"isLoaded":true,"messageIndex":1,"phase":"status","playbackMode":"live-get/run-6","positionMillis":72000,"timestamp":"2026-06-05T20:19:49.494Z"}
 INFO  [voice-playback-diagnostics] {"attemptId":"expo-av-live-get-1780690699563-ml8jd7","didJustFinish":false,"engine":"expo-av-live-get","isBuffering":false,"isLoaded":true,"messageIndex":1,"phase":"status","playbackMode":"live-get/run-6","positionMillis":73000,"timestamp":"2026-06-05T20:19:50.494Z"}
 INFO  [voice-playback-diagnostics] {"attemptId":"expo-av-live-get-1780690699563-ml8jd7","didJustFinish":false,"engine":"expo-av-live-get","isBuffering":false,"isLoaded":true,"messageIndex":1,"phase":"status","playbackMode":"live-get/run-6","positionMillis":74000,"timestamp":"2026-06-05T20:19:51.494Z"}
 INFO  [voice-playback-diagnostics] {"attemptId":"expo-av-live-get-1780690699563-ml8jd7","didJustFinish":false,"engine":"expo-av-live-get","isBuffering":false,"isLoaded":true,"messageIndex":1,"phase":"status","playbackMode":"live-get/run-6","positionMillis":75000,"timestamp":"2026-06-05T20:19:52.494Z"}
 INFO  [voice-playback-diagnostics] {"attemptId":"expo-av-live-get-1780690699563-ml8jd7","didJustFinish":false,"engine":"expo-av-live-get","isBuffering":false,"isLoaded":true,"messageIndex":1,"phase":"status","playbackMode":"live-get/run-6","positionMillis":76000,"timestamp":"2026-06-05T20:19:53.494Z"}
 INFO  [voice-playback-diagnostics] {"attemptId":"expo-av-live-get-1780690699563-ml8jd7","didJustFinish":false,"engine":"expo-av-live-get","isBuffering":false,"isLoaded":true,"messageIndex":1,"phase":"status","playbackMode":"live-get/run-6","positionMillis":77000,"timestamp":"2026-06-05T20:19:54.494Z"}
 INFO  [voice-playback-diagnostics] {"attemptId":"expo-av-live-get-1780690699563-ml8jd7","didJustFinish":false,"engine":"expo-av-live-get","isBuffering":false,"isLoaded":true,"messageIndex":1,"phase":"status","playbackMode":"live-get/run-6","positionMillis":78000,"timestamp":"2026-06-05T20:19:55.494Z"}
 INFO  [voice-playback-diagnostics] {"attemptId":"expo-av-live-get-1780690699563-ml8jd7","didJustFinish":false,"engine":"expo-av-live-get","isBuffering":false,"isLoaded":true,"messageIndex":1,"phase":"status","playbackMode":"live-get/run-6","positionMillis":79000,"timestamp":"2026-06-05T20:19:56.494Z"}
[MediaToolbox] <<HLS-FASB>> signalled err=-15514 at <>:1042
 INFO  [voice-playback-diagnostics] {"attemptId":"expo-av-live-get-1780690699563-ml8jd7","didJustFinish":false,"engine":"expo-av-live-get","isBuffering":false,"isLoaded":true,"messageIndex":1,"phase":"status","playbackMode":"live-get/run-6","positionMillis":79659,"timestamp":"2026-06-05T20:19:57.152Z"}
[MediaToolbox] <<HLS-FASB>> signalled err=-15514 at <>:1042
[MediaToolbox] <<HLS-FASB>> signalled err=-15514 at <>:1042
[MediaToolbox] (Fig) signalled err=-12785 at <>:1469
[MediaToolbox] <<<< ICY PUMP >>>> signalled err=-12785 at <>:1427
[MediaToolbox] <<<< ICY PUMP >>>> signalled err=-12785 at <>:1427
[MediaToolbox] <<<< FIM >>>> signalled err=-16042 at <>:2634
 INFO  [voice-playback-diagnostics] {"attemptId":"expo-av-live-get-1780690699563-ml8jd7","didJustFinish":true,"engine":"expo-av-live-get","isBuffering":false,"isLoaded":true,"messageIndex":1,"phase":"status","playbackMode":"live-get/run-6","positionMillis":79659,"timestamp":"2026-06-05T20:19:57.171Z"}
 INFO  [voice-playback-diagnostics] {"attemptId":"expo-av-live-get-1780690699563-ml8jd7","engine":"expo-av-live-get","messageIndex":1,"phase":"finish","playbackMode":"live-get/run-6","positionMillis":79659,"timestamp":"2026-06-05T20:19:57.189Z"}
 INFO  [voice-playback-diagnostics] {"attemptId":"expo-av-live-get-1780690797225-2nofhq","engine":"expo-av-live-get","messageIndex":1,"phase":"create","playbackMode":"live-get/run-7","timestamp":"2026-06-05T20:19:57.225Z"}
 INFO  [voice-playback-diagnostics] {"attemptId":"expo-av-live-get-1780690797225-2nofhq","engine":"expo-av-live-get","httpStatus":200,"messageIndex":1,"phase":"fetch","playbackMode":"probe-get/run-7/audio/mpeg","timestamp":"2026-06-05T20:20:09.244Z"}
[CoreMedia] <<< timebase >>> signalled err=-12753 at <>:3981
[MediaToolbox] <<<< FigStreamPlayer >>>> signalled err=-12860 at <>:29920
[MediaToolbox] <<<< ICY PUMP >>>> signalled err=-12640 at <>:1512
[MediaToolbox] <<<< ICY PUMP >>>> signalled err=-12640 at <>:1512
[MediaToolbox] <<<< ICY PUMP >>>> signalled err=-12640 at <>:1512
[MediaToolbox] <<<< ICY PUMP >>>> signalled err=-12640 at <>:1512
[MediaToolbox] <<<< ICY PUMP >>>> signalled err=-12640 at <>:1512
[MediaToolbox] <<<< ICY PUMP >>>> signalled err=-12640 at <>:1512
[MediaToolbox] <<<< ICY PUMP >>>> signalled err=-12640 at <>:1512
[MediaToolbox] <<HLS-FASB>> signalled err=-15514 at <>:1053
[CoreMedia] <<< timebase >>> signalled err=-12753 at <>:3981
[MediaToolbox] <<<< FigStreamPlayer >>>> signalled err=-12783 at <>:63418
[CoreMedia] <<< timebase >>> signalled err=-12753 at <>:3981
[MediaToolbox] <<<< FigStreamPlayer >>>> signalled err=-12783 at <>:63418
[MediaToolbox] <<<< FigStreamPlayer >>>> signalled err=-12783 at <>:63418
[AudioToolbox]        LoudnessManager.mm:1215  IsHardwareSupported: no plist
loaded, returning false
[AudioToolbox]        LoudnessManager.mm:1215  IsHardwareSupported: no plist
loaded, returning false
[AudioToolbox]        LoudnessManager.mm:1215  IsHardwareSupported: no plist
loaded, returning false
[MediaToolbox] <<HLS-FASB>> signalled err=-15514 at <>:1042
[MediaToolbox] metricevent_subscriber signalled err=-19772 at <>:364
[AudioToolbox]        LoudnessManager.mm:1215  IsHardwareSupported: no plist
loaded, returning false
[AudioToolbox]        LoudnessManager.mm:1215  IsHardwareSupported: no plist
loaded, returning false
[AudioToolbox]        LoudnessManager.mm:1215  IsHardwareSupported: no plist
loaded, returning false
[MediaToolbox] <<HLS-FASB>> signalled err=-15514 at <>:1042
[MediaToolbox] <<HLS-FASB>> signalled err=-15514 at <>:1042
 INFO  [voice-playback-diagnostics] {"attemptId":"expo-av-live-get-1780690797225-2nofhq","didJustFinish":false,"engine":"expo-av-live-get","isBuffering":true,"isLoaded":true,"messageIndex":1,"phase":"status","playbackMode":"live-get/run-7","positionMillis":0,"timestamp":"2026-06-05T20:20:11.814Z"}
 INFO  [voice-playback-diagnostics] {"attemptId":"expo-av-live-get-1780690797225-2nofhq","engine":"expo-av-live-get","messageIndex":1,"phase":"play","playbackMode":"live-get/run-7","timestamp":"2026-06-05T20:20:11.834Z"}
 INFO  [voice-playback-diagnostics] {"attemptId":"expo-av-live-get-1780690797225-2nofhq","didJustFinish":false,"engine":"expo-av-live-get","isBuffering":true,"isLoaded":true,"messageIndex":1,"phase":"status","playbackMode":"live-get/run-7","positionMillis":0,"timestamp":"2026-06-05T20:20:11.853Z"}
 INFO  [voice-playback-diagnostics] {"attemptId":"expo-av-live-get-1780690797225-2nofhq","didJustFinish":false,"engine":"expo-av-live-get","isBuffering":false,"isLoaded":true,"messageIndex":1,"phase":"status","playbackMode":"live-get/run-7","positionMillis":0,"timestamp":"2026-06-05T20:20:11.871Z"}
 INFO  [voice-playback-diagnostics] {"attemptId":"expo-av-live-get-1780690797225-2nofhq","didJustFinish":false,"engine":"expo-av-live-get","isBuffering":false,"isLoaded":true,"messageIndex":1,"phase":"status","playbackMode":"live-get/run-7","positionMillis":1000,"timestamp":"2026-06-05T20:20:12.884Z"}
 INFO  [voice-playback-diagnostics] {"attemptId":"expo-av-live-get-1780690797225-2nofhq","didJustFinish":false,"engine":"expo-av-live-get","isBuffering":false,"isLoaded":true,"messageIndex":1,"phase":"status","playbackMode":"live-get/run-7","positionMillis":2000,"timestamp":"2026-06-05T20:20:13.884Z"}
 INFO  [voice-playback-diagnostics] {"attemptId":"expo-av-live-get-1780690797225-2nofhq","didJustFinish":false,"engine":"expo-av-live-get","isBuffering":false,"isLoaded":true,"messageIndex":1,"phase":"status","playbackMode":"live-get/run-7","positionMillis":3000,"timestamp":"2026-06-05T20:20:14.884Z"}
 INFO  [voice-playback-diagnostics] {"attemptId":"expo-av-live-get-1780690797225-2nofhq","didJustFinish":false,"engine":"expo-av-live-get","isBuffering":false,"isLoaded":true,"messageIndex":1,"phase":"status","playbackMode":"live-get/run-7","positionMillis":4000,"timestamp":"2026-06-05T20:20:15.884Z"}
 INFO  [voice-playback-diagnostics] {"attemptId":"expo-av-live-get-1780690797225-2nofhq","didJustFinish":false,"engine":"expo-av-live-get","isBuffering":false,"isLoaded":true,"messageIndex":1,"phase":"status","playbackMode":"live-get/run-7","positionMillis":5000,"timestamp":"2026-06-05T20:20:16.884Z"}
 INFO  [voice-playback-diagnostics] {"attemptId":"expo-av-live-get-1780690797225-2nofhq","didJustFinish":false,"engine":"expo-av-live-get","isBuffering":false,"isLoaded":true,"messageIndex":1,"phase":"status","playbackMode":"live-get/run-7","positionMillis":6000,"timestamp":"2026-06-05T20:20:17.884Z"}
 INFO  [voice-playback-diagnostics] {"attemptId":"expo-av-live-get-1780690797225-2nofhq","didJustFinish":false,"engine":"expo-av-live-get","isBuffering":false,"isLoaded":true,"messageIndex":1,"phase":"status","playbackMode":"live-get/run-7","positionMillis":7000,"timestamp":"2026-06-05T20:20:18.884Z"}
[MediaToolbox] <<HLS-FASB>> signalled err=-15514 at <>:1042
[MediaToolbox] <<HLS-FASB>> signalled err=-15514 at <>:1042
[MediaToolbox] <<HLS-FASB>> signalled err=-15514 at <>:1042
 INFO  [voice-playback-diagnostics] {"attemptId":"expo-av-live-get-1780690797225-2nofhq","didJustFinish":false,"engine":"expo-av-live-get","isBuffering":false,"isLoaded":true,"messageIndex":1,"phase":"status","playbackMode":"live-get/run-7","positionMillis":8000,"timestamp":"2026-06-05T20:20:19.884Z"}
[MediaToolbox] <<HLS-FASB>> signalled err=-15514 at <>:1042
[MediaToolbox] <<HLS-FASB>> signalled err=-15514 at <>:1042
 INFO  [voice-playback-diagnostics] {"attemptId":"expo-av-live-get-1780690797225-2nofhq","didJustFinish":false,"engine":"expo-av-live-get","isBuffering":false,"isLoaded":true,"messageIndex":1,"phase":"status","playbackMode":"live-get/run-7","positionMillis":9000,"timestamp":"2026-06-05T20:20:20.884Z"}
 INFO  [voice-playback-diagnostics] {"attemptId":"expo-av-live-get-1780690797225-2nofhq","didJustFinish":false,"engine":"expo-av-live-get","isBuffering":false,"isLoaded":true,"messageIndex":1,"phase":"status","playbackMode":"live-get/run-7","positionMillis":10000,"timestamp":"2026-06-05T20:20:21.884Z"}
 INFO  [voice-playback-diagnostics] {"attemptId":"expo-av-live-get-1780690797225-2nofhq","didJustFinish":false,"engine":"expo-av-live-get","isBuffering":false,"isLoaded":true,"messageIndex":1,"phase":"status","playbackMode":"live-get/run-7","positionMillis":11000,"timestamp":"2026-06-05T20:20:22.884Z"}
[MediaToolbox] <<HLS-FASB>> signalled err=-15514 at <>:1042
[MediaToolbox] <<HLS-FASB>> signalled err=-15514 at <>:1042
[MediaToolbox] <<<< ICY PUMP >>>> signalled err=-12640 at <>:1512
[MediaToolbox] <<<< ICY PUMP >>>> signalled err=-12640 at <>:1512
[MediaToolbox] <<<< ICY PUMP >>>> signalled err=-12640 at <>:1512
[MediaToolbox] <<<< ICY PUMP >>>> signalled err=-12640 at <>:1512
[MediaToolbox] <<<< ICY PUMP >>>> signalled err=-12640 at <>:1512
[MediaToolbox] <<<< ICY PUMP >>>> signalled err=-12640 at <>:1512
[MediaToolbox] <<<< ICY PUMP >>>> signalled err=-12640 at <>:1512
[MediaToolbox] <<HLS-FASB>> signalled err=-15514 at <>:1053
 INFO  [voice-playback-diagnostics] {"attemptId":"expo-av-live-get-1780690797225-2nofhq","didJustFinish":false,"engine":"expo-av-live-get","isBuffering":false,"isLoaded":true,"messageIndex":1,"phase":"status","playbackMode":"live-get/run-7","positionMillis":12000,"timestamp":"2026-06-05T20:20:23.884Z"}
[AudioToolbox]        LoudnessManager.mm:1215  IsHardwareSupported: no plist
loaded, returning false
[AudioToolbox]        LoudnessManager.mm:1215  IsHardwareSupported: no plist
loaded, returning false
[AudioToolbox]        LoudnessManager.mm:1215  IsHardwareSupported: no plist
loaded, returning false
 INFO  [voice-playback-diagnostics] {"attemptId":"expo-av-live-get-1780690797225-2nofhq","didJustFinish":false,"engine":"expo-av-live-get","isBuffering":false,"isLoaded":true,"messageIndex":1,"phase":"status","playbackMode":"live-get/run-7","positionMillis":13000,"timestamp":"2026-06-05T20:20:24.884Z"}
[MediaToolbox] metricevent_subscriber signalled err=-19772 at <>:364
 INFO  [voice-playback-diagnostics] {"attemptId":"expo-av-live-get-1780690797225-2nofhq","didJustFinish":false,"engine":"expo-av-live-get","isBuffering":false,"isLoaded":true,"messageIndex":1,"phase":"status","playbackMode":"live-get/run-7","positionMillis":14000,"timestamp":"2026-06-05T20:20:25.884Z"}
 INFO  [voice-playback-diagnostics] {"attemptId":"expo-av-live-get-1780690797225-2nofhq","didJustFinish":false,"engine":"expo-av-live-get","isBuffering":false,"isLoaded":true,"messageIndex":1,"phase":"status","playbackMode":"live-get/run-7","positionMillis":15000,"timestamp":"2026-06-05T20:20:26.884Z"}
 INFO  [voice-playback-diagnostics] {"attemptId":"expo-av-live-get-1780690797225-2nofhq","didJustFinish":false,"engine":"expo-av-live-get","isBuffering":false,"isLoaded":true,"messageIndex":1,"phase":"status","playbackMode":"live-get/run-7","positionMillis":16000,"timestamp":"2026-06-05T20:20:27.884Z"}
 INFO  [voice-playback-diagnostics] {"attemptId":"expo-av-live-get-1780690797225-2nofhq","didJustFinish":false,"engine":"expo-av-live-get","isBuffering":false,"isLoaded":true,"messageIndex":1,"phase":"status","playbackMode":"live-get/run-7","positionMillis":17000,"timestamp":"2026-06-05T20:20:28.884Z"}
 INFO  [voice-playback-diagnostics] {"attemptId":"expo-av-live-get-1780690797225-2nofhq","didJustFinish":false,"engine":"expo-av-live-get","isBuffering":false,"isLoaded":true,"messageIndex":1,"phase":"status","playbackMode":"live-get/run-7","positionMillis":18000,"timestamp":"2026-06-05T20:20:29.884Z"}
 INFO  [voice-playback-diagnostics] {"attemptId":"expo-av-live-get-1780690797225-2nofhq","didJustFinish":false,"engine":"expo-av-live-get","isBuffering":false,"isLoaded":true,"messageIndex":1,"phase":"status","playbackMode":"live-get/run-7","positionMillis":19000,"timestamp":"2026-06-05T20:20:30.884Z"}
 INFO  [voice-playback-diagnostics] {"attemptId":"expo-av-live-get-1780690797225-2nofhq","didJustFinish":false,"engine":"expo-av-live-get","isBuffering":false,"isLoaded":true,"messageIndex":1,"phase":"status","playbackMode":"live-get/run-7","positionMillis":20000,"timestamp":"2026-06-05T20:20:31.884Z"}
 INFO  [voice-playback-diagnostics] {"attemptId":"expo-av-live-get-1780690797225-2nofhq","didJustFinish":false,"engine":"expo-av-live-get","isBuffering":false,"isLoaded":true,"messageIndex":1,"phase":"status","playbackMode":"live-get/run-7","positionMillis":21000,"timestamp":"2026-06-05T20:20:32.884Z"}
 INFO  [voice-playback-diagnostics] {"attemptId":"expo-av-live-get-1780690797225-2nofhq","didJustFinish":false,"engine":"expo-av-live-get","isBuffering":false,"isLoaded":true,"messageIndex":1,"phase":"status","playbackMode":"live-get/run-7","positionMillis":22000,"timestamp":"2026-06-05T20:20:33.884Z"}
 INFO  [voice-playback-diagnostics] {"attemptId":"expo-av-live-get-1780690797225-2nofhq","didJustFinish":false,"engine":"expo-av-live-get","isBuffering":false,"isLoaded":true,"messageIndex":1,"phase":"status","playbackMode":"live-get/run-7","positionMillis":23000,"timestamp":"2026-06-05T20:20:34.884Z"}
 INFO  [voice-playback-diagnostics] {"attemptId":"expo-av-live-get-1780690797225-2nofhq","didJustFinish":false,"engine":"expo-av-live-get","isBuffering":false,"isLoaded":true,"messageIndex":1,"phase":"status","playbackMode":"live-get/run-7","positionMillis":24000,"timestamp":"2026-06-05T20:20:35.884Z"}
 INFO  [voice-playback-diagnostics] {"attemptId":"expo-av-live-get-1780690797225-2nofhq","didJustFinish":false,"engine":"expo-av-live-get","isBuffering":false,"isLoaded":true,"messageIndex":1,"phase":"status","playbackMode":"live-get/run-7","positionMillis":25000,"timestamp":"2026-06-05T20:20:36.884Z"}
 INFO  [voice-playback-diagnostics] {"attemptId":"expo-av-live-get-1780690797225-2nofhq","didJustFinish":false,"engine":"expo-av-live-get","isBuffering":false,"isLoaded":true,"messageIndex":1,"phase":"status","playbackMode":"live-get/run-7","positionMillis":26000,"timestamp":"2026-06-05T20:20:37.884Z"}
 INFO  [voice-playback-diagnostics] {"attemptId":"expo-av-live-get-1780690797225-2nofhq","didJustFinish":false,"engine":"expo-av-live-get","isBuffering":false,"isLoaded":true,"messageIndex":1,"phase":"status","playbackMode":"live-get/run-7","positionMillis":27000,"timestamp":"2026-06-05T20:20:38.884Z"}
 INFO  [voice-playback-diagnostics] {"attemptId":"expo-av-live-get-1780690797225-2nofhq","didJustFinish":false,"engine":"expo-av-live-get","isBuffering":false,"isLoaded":true,"messageIndex":1,"phase":"status","playbackMode":"live-get/run-7","positionMillis":28000,"timestamp":"2026-06-05T20:20:39.884Z"}
 INFO  [voice-playback-diagnostics] {"attemptId":"expo-av-live-get-1780690797225-2nofhq","didJustFinish":false,"engine":"expo-av-live-get","isBuffering":false,"isLoaded":true,"messageIndex":1,"phase":"status","playbackMode":"live-get/run-7","positionMillis":29000,"timestamp":"2026-06-05T20:20:40.884Z"}
 INFO  [voice-playback-diagnostics] {"attemptId":"expo-av-live-get-1780690797225-2nofhq","didJustFinish":false,"engine":"expo-av-live-get","isBuffering":false,"isLoaded":true,"messageIndex":1,"phase":"status","playbackMode":"live-get/run-7","positionMillis":30000,"timestamp":"2026-06-05T20:20:41.884Z"}
 INFO  [voice-playback-diagnostics] {"attemptId":"expo-av-live-get-1780690797225-2nofhq","didJustFinish":false,"engine":"expo-av-live-get","isBuffering":false,"isLoaded":true,"messageIndex":1,"phase":"status","playbackMode":"live-get/run-7","positionMillis":31000,"timestamp":"2026-06-05T20:20:42.884Z"}
 INFO  [voice-playback-diagnostics] {"attemptId":"expo-av-live-get-1780690797225-2nofhq","didJustFinish":false,"engine":"expo-av-live-get","isBuffering":false,"isLoaded":true,"messageIndex":1,"phase":"status","playbackMode":"live-get/run-7","positionMillis":32000,"timestamp":"2026-06-05T20:20:43.884Z"}
 INFO  [voice-playback-diagnostics] {"attemptId":"expo-av-live-get-1780690797225-2nofhq","didJustFinish":false,"engine":"expo-av-live-get","isBuffering":false,"isLoaded":true,"messageIndex":1,"phase":"status","playbackMode":"live-get/run-7","positionMillis":33000,"timestamp":"2026-06-05T20:20:44.884Z"}
 INFO  [voice-playback-diagnostics] {"attemptId":"expo-av-live-get-1780690797225-2nofhq","didJustFinish":false,"engine":"expo-av-live-get","isBuffering":false,"isLoaded":true,"messageIndex":1,"phase":"status","playbackMode":"live-get/run-7","positionMillis":34000,"timestamp":"2026-06-05T20:20:45.884Z"}
 INFO  [voice-playback-diagnostics] {"attemptId":"expo-av-live-get-1780690797225-2nofhq","didJustFinish":false,"engine":"expo-av-live-get","isBuffering":false,"isLoaded":true,"messageIndex":1,"phase":"status","playbackMode":"live-get/run-7","positionMillis":35000,"timestamp":"2026-06-05T20:20:46.884Z"}
 INFO  [voice-playback-diagnostics] {"attemptId":"expo-av-live-get-1780690797225-2nofhq","didJustFinish":false,"engine":"expo-av-live-get","isBuffering":false,"isLoaded":true,"messageIndex":1,"phase":"status","playbackMode":"live-get/run-7","positionMillis":36000,"timestamp":"2026-06-05T20:20:47.884Z"}
 INFO  [voice-playback-diagnostics] {"attemptId":"expo-av-live-get-1780690797225-2nofhq","didJustFinish":false,"engine":"expo-av-live-get","isBuffering":false,"isLoaded":true,"messageIndex":1,"phase":"status","playbackMode":"live-get/run-7","positionMillis":37000,"timestamp":"2026-06-05T20:20:48.884Z"}
 INFO  [voice-playback-diagnostics] {"attemptId":"expo-av-live-get-1780690797225-2nofhq","didJustFinish":false,"engine":"expo-av-live-get","isBuffering":false,"isLoaded":true,"messageIndex":1,"phase":"status","playbackMode":"live-get/run-7","positionMillis":38000,"timestamp":"2026-06-05T20:20:49.884Z"}
 INFO  [voice-playback-diagnostics] {"attemptId":"expo-av-live-get-1780690797225-2nofhq","didJustFinish":false,"engine":"expo-av-live-get","isBuffering":false,"isLoaded":true,"messageIndex":1,"phase":"status","playbackMode":"live-get/run-7","positionMillis":39000,"timestamp":"2026-06-05T20:20:50.884Z"}
 INFO  [voice-playback-diagnostics] {"attemptId":"expo-av-live-get-1780690797225-2nofhq","didJustFinish":false,"engine":"expo-av-live-get","isBuffering":false,"isLoaded":true,"messageIndex":1,"phase":"status","playbackMode":"live-get/run-7","positionMillis":40000,"timestamp":"2026-06-05T20:20:51.885Z"}
 INFO  [voice-playback-diagnostics] {"attemptId":"expo-av-live-get-1780690797225-2nofhq","didJustFinish":false,"engine":"expo-av-live-get","isBuffering":false,"isLoaded":true,"messageIndex":1,"phase":"status","playbackMode":"live-get/run-7","positionMillis":41000,"timestamp":"2026-06-05T20:20:52.884Z"}
 INFO  [voice-playback-diagnostics] {"attemptId":"expo-av-live-get-1780690797225-2nofhq","didJustFinish":false,"engine":"expo-av-live-get","isBuffering":false,"isLoaded":true,"messageIndex":1,"phase":"status","playbackMode":"live-get/run-7","positionMillis":42000,"timestamp":"2026-06-05T20:20:53.884Z"}
 INFO  [voice-playback-diagnostics] {"attemptId":"expo-av-live-get-1780690797225-2nofhq","didJustFinish":false,"engine":"expo-av-live-get","isBuffering":false,"isLoaded":true,"messageIndex":1,"phase":"status","playbackMode":"live-get/run-7","positionMillis":43000,"timestamp":"2026-06-05T20:20:54.884Z"}
 INFO  [voice-playback-diagnostics] {"attemptId":"expo-av-live-get-1780690797225-2nofhq","didJustFinish":false,"engine":"expo-av-live-get","isBuffering":false,"isLoaded":true,"messageIndex":1,"phase":"status","playbackMode":"live-get/run-7","positionMillis":44000,"timestamp":"2026-06-05T20:20:55.884Z"}
 INFO  [voice-playback-diagnostics] {"attemptId":"expo-av-live-get-1780690797225-2nofhq","didJustFinish":false,"engine":"expo-av-live-get","isBuffering":false,"isLoaded":true,"messageIndex":1,"phase":"status","playbackMode":"live-get/run-7","positionMillis":45000,"timestamp":"2026-06-05T20:20:56.884Z"}
 INFO  [voice-playback-diagnostics] {"attemptId":"expo-av-live-get-1780690797225-2nofhq","didJustFinish":false,"engine":"expo-av-live-get","isBuffering":false,"isLoaded":true,"messageIndex":1,"phase":"status","playbackMode":"live-get/run-7","positionMillis":46000,"timestamp":"2026-06-05T20:20:57.885Z"}
 INFO  [voice-playback-diagnostics] {"attemptId":"expo-av-live-get-1780690797225-2nofhq","didJustFinish":false,"engine":"expo-av-live-get","isBuffering":false,"isLoaded":true,"messageIndex":1,"phase":"status","playbackMode":"live-get/run-7","positionMillis":47000,"timestamp":"2026-06-05T20:20:58.885Z"}
 INFO  [voice-playback-diagnostics] {"attemptId":"expo-av-live-get-1780690797225-2nofhq","didJustFinish":false,"engine":"expo-av-live-get","isBuffering":false,"isLoaded":true,"messageIndex":1,"phase":"status","playbackMode":"live-get/run-7","positionMillis":48000,"timestamp":"2026-06-05T20:20:59.885Z"}
 INFO  [voice-playback-diagnostics] {"attemptId":"expo-av-live-get-1780690797225-2nofhq","didJustFinish":false,"engine":"expo-av-live-get","isBuffering":false,"isLoaded":true,"messageIndex":1,"phase":"status","playbackMode":"live-get/run-7","positionMillis":49000,"timestamp":"2026-06-05T20:21:00.884Z"}
 INFO  [voice-playback-diagnostics] {"attemptId":"expo-av-live-get-1780690797225-2nofhq","didJustFinish":false,"engine":"expo-av-live-get","isBuffering":false,"isLoaded":true,"messageIndex":1,"phase":"status","playbackMode":"live-get/run-7","positionMillis":50000,"timestamp":"2026-06-05T20:21:01.884Z"}
 INFO  [voice-playback-diagnostics] {"attemptId":"expo-av-live-get-1780690797225-2nofhq","didJustFinish":false,"engine":"expo-av-live-get","isBuffering":false,"isLoaded":true,"messageIndex":1,"phase":"status","playbackMode":"live-get/run-7","positionMillis":51000,"timestamp":"2026-06-05T20:21:02.884Z"}
 INFO  [voice-playback-diagnostics] {"attemptId":"expo-av-live-get-1780690797225-2nofhq","didJustFinish":false,"engine":"expo-av-live-get","isBuffering":false,"isLoaded":true,"messageIndex":1,"phase":"status","playbackMode":"live-get/run-7","positionMillis":52000,"timestamp":"2026-06-05T20:21:03.885Z"}
 INFO  [voice-playback-diagnostics] {"attemptId":"expo-av-live-get-1780690797225-2nofhq","didJustFinish":false,"engine":"expo-av-live-get","isBuffering":false,"isLoaded":true,"messageIndex":1,"phase":"status","playbackMode":"live-get/run-7","positionMillis":53000,"timestamp":"2026-06-05T20:21:04.885Z"}
 INFO  [voice-playback-diagnostics] {"attemptId":"expo-av-live-get-1780690797225-2nofhq","didJustFinish":false,"engine":"expo-av-live-get","isBuffering":false,"isLoaded":true,"messageIndex":1,"phase":"status","playbackMode":"live-get/run-7","positionMillis":54000,"timestamp":"2026-06-05T20:21:05.885Z"}
 INFO  [voice-playback-diagnostics] {"attemptId":"expo-av-live-get-1780690797225-2nofhq","didJustFinish":false,"engine":"expo-av-live-get","isBuffering":false,"isLoaded":true,"messageIndex":1,"phase":"status","playbackMode":"live-get/run-7","positionMillis":55000,"timestamp":"2026-06-05T20:21:06.884Z"}
 INFO  [voice-playback-diagnostics] {"attemptId":"expo-av-live-get-1780690797225-2nofhq","didJustFinish":false,"engine":"expo-av-live-get","isBuffering":false,"isLoaded":true,"messageIndex":1,"phase":"status","playbackMode":"live-get/run-7","positionMillis":56000,"timestamp":"2026-06-05T20:21:07.884Z"}
 INFO  [voice-playback-diagnostics] {"attemptId":"expo-av-live-get-1780690797225-2nofhq","didJustFinish":false,"engine":"expo-av-live-get","isBuffering":false,"isLoaded":true,"messageIndex":1,"phase":"status","playbackMode":"live-get/run-7","positionMillis":57000,"timestamp":"2026-06-05T20:21:08.885Z"}
 INFO  [voice-playback-diagnostics] {"attemptId":"expo-av-live-get-1780690797225-2nofhq","didJustFinish":false,"engine":"expo-av-live-get","isBuffering":false,"isLoaded":true,"messageIndex":1,"phase":"status","playbackMode":"live-get/run-7","positionMillis":58000,"timestamp":"2026-06-05T20:21:09.885Z"}
 INFO  [voice-playback-diagnostics] {"attemptId":"expo-av-live-get-1780690797225-2nofhq","didJustFinish":false,"engine":"expo-av-live-get","isBuffering":false,"isLoaded":true,"messageIndex":1,"phase":"status","playbackMode":"live-get/run-7","positionMillis":59000,"timestamp":"2026-06-05T20:21:10.885Z"}
 INFO  [voice-playback-diagnostics] {"attemptId":"expo-av-live-get-1780690797225-2nofhq","didJustFinish":false,"engine":"expo-av-live-get","isBuffering":false,"isLoaded":true,"messageIndex":1,"phase":"status","playbackMode":"live-get/run-7","positionMillis":60000,"timestamp":"2026-06-05T20:21:11.885Z"}
 INFO  [voice-playback-diagnostics] {"attemptId":"expo-av-live-get-1780690797225-2nofhq","didJustFinish":false,"engine":"expo-av-live-get","isBuffering":false,"isLoaded":true,"messageIndex":1,"phase":"status","playbackMode":"live-get/run-7","positionMillis":61000,"timestamp":"2026-06-05T20:21:12.885Z"}
 INFO  [voice-playback-diagnostics] {"attemptId":"expo-av-live-get-1780690797225-2nofhq","didJustFinish":false,"engine":"expo-av-live-get","isBuffering":false,"isLoaded":true,"messageIndex":1,"phase":"status","playbackMode":"live-get/run-7","positionMillis":62000,"timestamp":"2026-06-05T20:21:13.885Z"}
 INFO  [voice-playback-diagnostics] {"attemptId":"expo-av-live-get-1780690797225-2nofhq","didJustFinish":false,"engine":"expo-av-live-get","isBuffering":false,"isLoaded":true,"messageIndex":1,"phase":"status","playbackMode":"live-get/run-7","positionMillis":63000,"timestamp":"2026-06-05T20:21:14.885Z"}
 INFO  [voice-playback-diagnostics] {"attemptId":"expo-av-live-get-1780690797225-2nofhq","didJustFinish":false,"engine":"expo-av-live-get","isBuffering":false,"isLoaded":true,"messageIndex":1,"phase":"status","playbackMode":"live-get/run-7","positionMillis":64000,"timestamp":"2026-06-05T20:21:15.884Z"}
 INFO  [voice-playback-diagnostics] {"attemptId":"expo-av-live-get-1780690797225-2nofhq","didJustFinish":false,"engine":"expo-av-live-get","isBuffering":false,"isLoaded":true,"messageIndex":1,"phase":"status","playbackMode":"live-get/run-7","positionMillis":65000,"timestamp":"2026-06-05T20:21:16.885Z"}
 INFO  [voice-playback-diagnostics] {"attemptId":"expo-av-live-get-1780690797225-2nofhq","didJustFinish":false,"engine":"expo-av-live-get","isBuffering":false,"isLoaded":true,"messageIndex":1,"phase":"status","playbackMode":"live-get/run-7","positionMillis":66000,"timestamp":"2026-06-05T20:21:17.885Z"}
 INFO  [voice-playback-diagnostics] {"attemptId":"expo-av-live-get-1780690797225-2nofhq","didJustFinish":false,"engine":"expo-av-live-get","isBuffering":false,"isLoaded":true,"messageIndex":1,"phase":"status","playbackMode":"live-get/run-7","positionMillis":67000,"timestamp":"2026-06-05T20:21:18.885Z"}
 INFO  [voice-playback-diagnostics] {"attemptId":"expo-av-live-get-1780690797225-2nofhq","didJustFinish":false,"engine":"expo-av-live-get","isBuffering":false,"isLoaded":true,"messageIndex":1,"phase":"status","playbackMode":"live-get/run-7","positionMillis":68000,"timestamp":"2026-06-05T20:21:19.885Z"}
 INFO  [voice-playback-diagnostics] {"attemptId":"expo-av-live-get-1780690797225-2nofhq","didJustFinish":false,"engine":"expo-av-live-get","isBuffering":false,"isLoaded":true,"messageIndex":1,"phase":"status","playbackMode":"live-get/run-7","positionMillis":69000,"timestamp":"2026-06-05T20:21:20.885Z"}
 INFO  [voice-playback-diagnostics] {"attemptId":"expo-av-live-get-1780690797225-2nofhq","didJustFinish":false,"engine":"expo-av-live-get","isBuffering":false,"isLoaded":true,"messageIndex":1,"phase":"status","playbackMode":"live-get/run-7","positionMillis":70000,"timestamp":"2026-06-05T20:21:21.885Z"}
 INFO  [voice-playback-diagnostics] {"attemptId":"expo-av-live-get-1780690797225-2nofhq","didJustFinish":false,"engine":"expo-av-live-get","isBuffering":false,"isLoaded":true,"messageIndex":1,"phase":"status","playbackMode":"live-get/run-7","positionMillis":71000,"timestamp":"2026-06-05T20:21:22.885Z"}
 INFO  [voice-playback-diagnostics] {"attemptId":"expo-av-live-get-1780690797225-2nofhq","didJustFinish":false,"engine":"expo-av-live-get","isBuffering":false,"isLoaded":true,"messageIndex":1,"phase":"status","playbackMode":"live-get/run-7","positionMillis":72000,"timestamp":"2026-06-05T20:21:23.885Z"}
 INFO  [voice-playback-diagnostics] {"attemptId":"expo-av-live-get-1780690797225-2nofhq","didJustFinish":false,"engine":"expo-av-live-get","isBuffering":false,"isLoaded":true,"messageIndex":1,"phase":"status","playbackMode":"live-get/run-7","positionMillis":73000,"timestamp":"2026-06-05T20:21:24.885Z"}
 INFO  [voice-playback-diagnostics] {"attemptId":"expo-av-live-get-1780690797225-2nofhq","didJustFinish":false,"engine":"expo-av-live-get","isBuffering":false,"isLoaded":true,"messageIndex":1,"phase":"status","playbackMode":"live-get/run-7","positionMillis":74000,"timestamp":"2026-06-05T20:21:25.884Z"}
[MediaToolbox] <<HLS-FASB>> signalled err=-15514 at <>:1042
 INFO  [voice-playback-diagnostics] {"attemptId":"expo-av-live-get-1780690797225-2nofhq","didJustFinish":false,"engine":"expo-av-live-get","isBuffering":false,"isLoaded":true,"messageIndex":1,"phase":"status","playbackMode":"live-get/run-7","positionMillis":74174,"timestamp":"2026-06-05T20:21:26.058Z"}
 INFO  [voice-playback-diagnostics] {"attemptId":"expo-av-live-get-1780690797225-2nofhq","didJustFinish":true,"engine":"expo-av-live-get","isBuffering":false,"isLoaded":true,"messageIndex":1,"phase":"status","playbackMode":"live-get/run-7","positionMillis":74174,"timestamp":"2026-06-05T20:21:26.077Z"}
[MediaToolbox] <<HLS-FASB>> signalled err=-15514 at <>:1042
[MediaToolbox] <<HLS-FASB>> signalled err=-15514 at <>:991
[MediaToolbox] <<HLS-FASB>> signalled err=-15514 at <>:991
[MediaToolbox] <<HLS-FASB>> signalled err=-15514 at <>:1042
[MediaToolbox] <<HLS-FASB>> signalled err=-15514 at <>:1042
[MediaToolbox] (Fig) signalled err=-12785 at <>:1469
 INFO  [voice-playback-diagnostics] {"attemptId":"expo-av-live-get-1780690797225-2nofhq","engine":"expo-av-live-get","messageIndex":1,"phase":"finish","playbackMode":"live-get/run-7","positionMillis":74174,"timestamp":"2026-06-05T20:21:26.096Z"}
[MediaToolbox] <<<< ICY PUMP >>>> signalled err=-12785 at <>:1427
[MediaToolbox] <<<< ICY PUMP >>>> signalled err=-12785 at <>:1427
[MediaToolbox] <<<< FIM >>>> signalled err=-16042 at <>:2634
 INFO  [voice-playback-diagnostics] {"attemptId":"expo-av-live-get-1780690886132-gtxwzr","engine":"expo-av-live-get","messageIndex":1,"phase":"create","playbackMode":"live-get/run-8","timestamp":"2026-06-05T20:21:26.132Z"}
 INFO  [voice-playback-diagnostics] {"attemptId":"expo-av-live-get-1780690886132-gtxwzr","engine":"expo-av-live-get","httpStatus":200,"messageIndex":1,"phase":"fetch","playbackMode":"probe-get/run-8/audio/mpeg","timestamp":"2026-06-05T20:21:37.106Z"}
[CoreMedia] <<< timebase >>> signalled err=-12753 at <>:3981
[MediaToolbox] <<<< FigStreamPlayer >>>> signalled err=-12860 at <>:29920
[MediaToolbox] <<<< ICY PUMP >>>> signalled err=-12640 at <>:1512
[MediaToolbox] <<<< ICY PUMP >>>> signalled err=-12640 at <>:1512
[MediaToolbox] <<<< ICY PUMP >>>> signalled err=-12640 at <>:1512
[MediaToolbox] <<<< ICY PUMP >>>> signalled err=-12640 at <>:1512
[MediaToolbox] <<<< ICY PUMP >>>> signalled err=-12640 at <>:1512
[MediaToolbox] <<<< ICY PUMP >>>> signalled err=-12640 at <>:1512
[MediaToolbox] <<<< ICY PUMP >>>> signalled err=-12640 at <>:1512
[MediaToolbox] <<HLS-FASB>> signalled err=-15514 at <>:1053
[CoreMedia] <<< timebase >>> signalled err=-12753 at <>:3981
[MediaToolbox] <<<< FigStreamPlayer >>>> signalled err=-12783 at <>:63418
[CoreMedia] <<< timebase >>> signalled err=-12753 at <>:3981
[MediaToolbox] <<<< FigStreamPlayer >>>> signalled err=-12783 at <>:63418
[MediaToolbox] <<<< FigStreamPlayer >>>> signalled err=-12783 at <>:63418
[AudioToolbox]        LoudnessManager.mm:1215  IsHardwareSupported: no plist
loaded, returning false
[AudioToolbox]        LoudnessManager.mm:1215  IsHardwareSupported: no plist
loaded, returning false
[AudioToolbox]        LoudnessManager.mm:1215  IsHardwareSupported: no plist
loaded, returning false
[MediaToolbox] <<HLS-FASB>> signalled err=-15514 at <>:1042
[MediaToolbox] metricevent_subscriber signalled err=-19772 at <>:364
[AudioToolbox]        LoudnessManager.mm:1215  IsHardwareSupported: no plist
loaded, returning false
[AudioToolbox]        LoudnessManager.mm:1215  IsHardwareSupported: no plist
loaded, returning false
[AudioToolbox]        LoudnessManager.mm:1215  IsHardwareSupported: no plist
loaded, returning false
[MediaToolbox] <<HLS-FASB>> signalled err=-15514 at <>:1042
[MediaToolbox] <<HLS-FASB>> signalled err=-15514 at <>:1042
 INFO  [voice-playback-diagnostics] {"attemptId":"expo-av-live-get-1780690886132-gtxwzr","didJustFinish":false,"engine":"expo-av-live-get","isBuffering":true,"isLoaded":true,"messageIndex":1,"phase":"status","playbackMode":"live-get/run-8","positionMillis":0,"timestamp":"2026-06-05T20:21:39.384Z"}
 INFO  [voice-playback-diagnostics] {"attemptId":"expo-av-live-get-1780690886132-gtxwzr","engine":"expo-av-live-get","messageIndex":1,"phase":"play","playbackMode":"live-get/run-8","timestamp":"2026-06-05T20:21:39.407Z"}
 INFO  [voice-playback-diagnostics] {"attemptId":"expo-av-live-get-1780690886132-gtxwzr","didJustFinish":false,"engine":"expo-av-live-get","isBuffering":true,"isLoaded":true,"messageIndex":1,"phase":"status","playbackMode":"live-get/run-8","positionMillis":0,"timestamp":"2026-06-05T20:21:39.425Z"}
 INFO  [voice-playback-diagnostics] {"attemptId":"expo-av-live-get-1780690886132-gtxwzr","didJustFinish":false,"engine":"expo-av-live-get","isBuffering":false,"isLoaded":true,"messageIndex":1,"phase":"status","playbackMode":"live-get/run-8","positionMillis":0,"timestamp":"2026-06-05T20:21:39.443Z"}
 INFO  [voice-playback-diagnostics] {"attemptId":"expo-av-live-get-1780690886132-gtxwzr","didJustFinish":false,"engine":"expo-av-live-get","isBuffering":false,"isLoaded":true,"messageIndex":1,"phase":"status","playbackMode":"live-get/run-8","positionMillis":1000,"timestamp":"2026-06-05T20:21:40.453Z"}
 INFO  [voice-playback-diagnostics] {"attemptId":"expo-av-live-get-1780690886132-gtxwzr","didJustFinish":false,"engine":"expo-av-live-get","isBuffering":false,"isLoaded":true,"messageIndex":1,"phase":"status","playbackMode":"live-get/run-8","positionMillis":2000,"timestamp":"2026-06-05T20:21:41.453Z"}
 INFO  [voice-playback-diagnostics] {"attemptId":"expo-av-live-get-1780690886132-gtxwzr","didJustFinish":false,"engine":"expo-av-live-get","isBuffering":false,"isLoaded":true,"messageIndex":1,"phase":"status","playbackMode":"live-get/run-8","positionMillis":3000,"timestamp":"2026-06-05T20:21:42.453Z"}
 INFO  [voice-playback-diagnostics] {"attemptId":"expo-av-live-get-1780690886132-gtxwzr","didJustFinish":false,"engine":"expo-av-live-get","isBuffering":false,"isLoaded":true,"messageIndex":1,"phase":"status","playbackMode":"live-get/run-8","positionMillis":4000,"timestamp":"2026-06-05T20:21:43.453Z"}
 INFO  [voice-playback-diagnostics] {"attemptId":"expo-av-live-get-1780690886132-gtxwzr","didJustFinish":false,"engine":"expo-av-live-get","isBuffering":false,"isLoaded":true,"messageIndex":1,"phase":"status","playbackMode":"live-get/run-8","positionMillis":5000,"timestamp":"2026-06-05T20:21:44.454Z"}
 INFO  [voice-playback-diagnostics] {"attemptId":"expo-av-live-get-1780690886132-gtxwzr","didJustFinish":false,"engine":"expo-av-live-get","isBuffering":false,"isLoaded":true,"messageIndex":1,"phase":"status","playbackMode":"live-get/run-8","positionMillis":6000,"timestamp":"2026-06-05T20:21:45.453Z"}
[MediaToolbox] <<HLS-FASB>> signalled err=-15514 at <>:1042
 INFO  [voice-playback-diagnostics] {"attemptId":"expo-av-live-get-1780690886132-gtxwzr","didJustFinish":false,"engine":"expo-av-live-get","isBuffering":false,"isLoaded":true,"messageIndex":1,"phase":"status","playbackMode":"live-get/run-8","positionMillis":7000,"timestamp":"2026-06-05T20:21:46.454Z"}
[MediaToolbox] <<HLS-FASB>> signalled err=-15514 at <>:1042
[MediaToolbox] <<HLS-FASB>> signalled err=-15514 at <>:1042
 INFO  [voice-playback-diagnostics] {"attemptId":"expo-av-live-get-1780690886132-gtxwzr","didJustFinish":false,"engine":"expo-av-live-get","isBuffering":false,"isLoaded":true,"messageIndex":1,"phase":"status","playbackMode":"live-get/run-8","positionMillis":8000,"timestamp":"2026-06-05T20:21:47.454Z"}
[MediaToolbox] <<HLS-FASB>> signalled err=-15514 at <>:1042
[MediaToolbox] <<HLS-FASB>> signalled err=-15514 at <>:1042
 INFO  [voice-playback-diagnostics] {"attemptId":"expo-av-live-get-1780690886132-gtxwzr","didJustFinish":false,"engine":"expo-av-live-get","isBuffering":false,"isLoaded":true,"messageIndex":1,"phase":"status","playbackMode":"live-get/run-8","positionMillis":9000,"timestamp":"2026-06-05T20:21:48.454Z"}
 INFO  [voice-playback-diagnostics] {"attemptId":"expo-av-live-get-1780690886132-gtxwzr","didJustFinish":false,"engine":"expo-av-live-get","isBuffering":false,"isLoaded":true,"messageIndex":1,"phase":"status","playbackMode":"live-get/run-8","positionMillis":10000,"timestamp":"2026-06-05T20:21:49.453Z"}
 INFO  [voice-playback-diagnostics] {"attemptId":"expo-av-live-get-1780690886132-gtxwzr","didJustFinish":false,"engine":"expo-av-live-get","isBuffering":false,"isLoaded":true,"messageIndex":1,"phase":"status","playbackMode":"live-get/run-8","positionMillis":11000,"timestamp":"2026-06-05T20:21:50.453Z"}
 INFO  [voice-playback-diagnostics] {"attemptId":"expo-av-live-get-1780690886132-gtxwzr","didJustFinish":false,"engine":"expo-av-live-get","isBuffering":false,"isLoaded":true,"messageIndex":1,"phase":"status","playbackMode":"live-get/run-8","positionMillis":12000,"timestamp":"2026-06-05T20:21:51.453Z"}
 INFO  [voice-playback-diagnostics] {"attemptId":"expo-av-live-get-1780690886132-gtxwzr","didJustFinish":false,"engine":"expo-av-live-get","isBuffering":false,"isLoaded":true,"messageIndex":1,"phase":"status","playbackMode":"live-get/run-8","positionMillis":13000,"timestamp":"2026-06-05T20:21:52.454Z"}
 INFO  [voice-playback-diagnostics] {"attemptId":"expo-av-live-get-1780690886132-gtxwzr","didJustFinish":false,"engine":"expo-av-live-get","isBuffering":false,"isLoaded":true,"messageIndex":1,"phase":"status","playbackMode":"live-get/run-8","positionMillis":14000,"timestamp":"2026-06-05T20:21:53.453Z"}
 INFO  [voice-playback-diagnostics] {"attemptId":"expo-av-live-get-1780690886132-gtxwzr","didJustFinish":false,"engine":"expo-av-live-get","isBuffering":false,"isLoaded":true,"messageIndex":1,"phase":"status","playbackMode":"live-get/run-8","positionMillis":15000,"timestamp":"2026-06-05T20:21:54.453Z"}
 INFO  [voice-playback-diagnostics] {"attemptId":"expo-av-live-get-1780690886132-gtxwzr","didJustFinish":false,"engine":"expo-av-live-get","isBuffering":false,"isLoaded":true,"messageIndex":1,"phase":"status","playbackMode":"live-get/run-8","positionMillis":16000,"timestamp":"2026-06-05T20:21:55.454Z"}
 INFO  [voice-playback-diagnostics] {"attemptId":"expo-av-live-get-1780690886132-gtxwzr","didJustFinish":false,"engine":"expo-av-live-get","isBuffering":false,"isLoaded":true,"messageIndex":1,"phase":"status","playbackMode":"live-get/run-8","positionMillis":17000,"timestamp":"2026-06-05T20:21:56.454Z"}
 INFO  [voice-playback-diagnostics] {"attemptId":"expo-av-live-get-1780690886132-gtxwzr","didJustFinish":false,"engine":"expo-av-live-get","isBuffering":false,"isLoaded":true,"messageIndex":1,"phase":"status","playbackMode":"live-get/run-8","positionMillis":18000,"timestamp":"2026-06-05T20:21:57.454Z"}
[MediaToolbox] <<HLS-FASB>> signalled err=-15514 at <>:1042
[MediaToolbox] <<HLS-FASB>> signalled err=-15514 at <>:1042
[MediaToolbox] <<<< ICY PUMP >>>> signalled err=-12640 at <>:1512
[MediaToolbox] <<<< ICY PUMP >>>> signalled err=-12640 at <>:1512
[MediaToolbox] <<<< ICY PUMP >>>> signalled err=-12640 at <>:1512
[MediaToolbox] <<<< ICY PUMP >>>> signalled err=-12640 at <>:1512
[MediaToolbox] <<<< ICY PUMP >>>> signalled err=-12640 at <>:1512
[MediaToolbox] <<<< ICY PUMP >>>> signalled err=-12640 at <>:1512
[MediaToolbox] <<<< ICY PUMP >>>> signalled err=-12640 at <>:1512
[MediaToolbox] <<HLS-FASB>> signalled err=-15514 at <>:1053
 INFO  [voice-playback-diagnostics] {"attemptId":"expo-av-live-get-1780690886132-gtxwzr","didJustFinish":false,"engine":"expo-av-live-get","isBuffering":false,"isLoaded":true,"messageIndex":1,"phase":"status","playbackMode":"live-get/run-8","positionMillis":19000,"timestamp":"2026-06-05T20:21:58.454Z"}
[AudioToolbox]        LoudnessManager.mm:1215  IsHardwareSupported: no plist
loaded, returning false
[AudioToolbox]        LoudnessManager.mm:1215  IsHardwareSupported: no plist
loaded, returning false
[AudioToolbox]        LoudnessManager.mm:1215  IsHardwareSupported: no plist
loaded, returning false
[MediaToolbox] metricevent_subscriber signalled err=-19772 at <>:364
 INFO  [voice-playback-diagnostics] {"attemptId":"expo-av-live-get-1780690886132-gtxwzr","didJustFinish":false,"engine":"expo-av-live-get","isBuffering":false,"isLoaded":true,"messageIndex":1,"phase":"status","playbackMode":"live-get/run-8","positionMillis":20000,"timestamp":"2026-06-05T20:21:59.454Z"}
 INFO  [voice-playback-diagnostics] {"attemptId":"expo-av-live-get-1780690886132-gtxwzr","didJustFinish":false,"engine":"expo-av-live-get","isBuffering":false,"isLoaded":true,"messageIndex":1,"phase":"status","playbackMode":"live-get/run-8","positionMillis":21000,"timestamp":"2026-06-05T20:22:00.453Z"}
 INFO  [voice-playback-diagnostics] {"attemptId":"expo-av-live-get-1780690886132-gtxwzr","didJustFinish":false,"engine":"expo-av-live-get","isBuffering":false,"isLoaded":true,"messageIndex":1,"phase":"status","playbackMode":"live-get/run-8","positionMillis":22000,"timestamp":"2026-06-05T20:22:01.454Z"}
 INFO  [voice-playback-diagnostics] {"attemptId":"expo-av-live-get-1780690886132-gtxwzr","didJustFinish":false,"engine":"expo-av-live-get","isBuffering":false,"isLoaded":true,"messageIndex":1,"phase":"status","playbackMode":"live-get/run-8","positionMillis":23000,"timestamp":"2026-06-05T20:22:02.454Z"}
 INFO  [voice-playback-diagnostics] {"attemptId":"expo-av-live-get-1780690886132-gtxwzr","didJustFinish":false,"engine":"expo-av-live-get","isBuffering":false,"isLoaded":true,"messageIndex":1,"phase":"status","playbackMode":"live-get/run-8","positionMillis":24000,"timestamp":"2026-06-05T20:22:03.454Z"}
 INFO  [voice-playback-diagnostics] {"attemptId":"expo-av-live-get-1780690886132-gtxwzr","didJustFinish":false,"engine":"expo-av-live-get","isBuffering":false,"isLoaded":true,"messageIndex":1,"phase":"status","playbackMode":"live-get/run-8","positionMillis":25000,"timestamp":"2026-06-05T20:22:04.454Z"}
 INFO  [voice-playback-diagnostics] {"attemptId":"expo-av-live-get-1780690886132-gtxwzr","didJustFinish":false,"engine":"expo-av-live-get","isBuffering":false,"isLoaded":true,"messageIndex":1,"phase":"status","playbackMode":"live-get/run-8","positionMillis":26000,"timestamp":"2026-06-05T20:22:05.454Z"}
 INFO  [voice-playback-diagnostics] {"attemptId":"expo-av-live-get-1780690886132-gtxwzr","didJustFinish":false,"engine":"expo-av-live-get","isBuffering":false,"isLoaded":true,"messageIndex":1,"phase":"status","playbackMode":"live-get/run-8","positionMillis":27000,"timestamp":"2026-06-05T20:22:06.453Z"}
 INFO  [voice-playback-diagnostics] {"attemptId":"expo-av-live-get-1780690886132-gtxwzr","didJustFinish":false,"engine":"expo-av-live-get","isBuffering":false,"isLoaded":true,"messageIndex":1,"phase":"status","playbackMode":"live-get/run-8","positionMillis":28000,"timestamp":"2026-06-05T20:22:07.453Z"}
 INFO  [voice-playback-diagnostics] {"attemptId":"expo-av-live-get-1780690886132-gtxwzr","didJustFinish":false,"engine":"expo-av-live-get","isBuffering":false,"isLoaded":true,"messageIndex":1,"phase":"status","playbackMode":"live-get/run-8","positionMillis":29000,"timestamp":"2026-06-05T20:22:08.453Z"}
 INFO  [voice-playback-diagnostics] {"attemptId":"expo-av-live-get-1780690886132-gtxwzr","didJustFinish":false,"engine":"expo-av-live-get","isBuffering":false,"isLoaded":true,"messageIndex":1,"phase":"status","playbackMode":"live-get/run-8","positionMillis":30000,"timestamp":"2026-06-05T20:22:09.453Z"}
 INFO  [voice-playback-diagnostics] {"attemptId":"expo-av-live-get-1780690886132-gtxwzr","didJustFinish":false,"engine":"expo-av-live-get","isBuffering":false,"isLoaded":true,"messageIndex":1,"phase":"status","playbackMode":"live-get/run-8","positionMillis":31000,"timestamp":"2026-06-05T20:22:10.453Z"}
 INFO  [voice-playback-diagnostics] {"attemptId":"expo-av-live-get-1780690886132-gtxwzr","didJustFinish":false,"engine":"expo-av-live-get","isBuffering":false,"isLoaded":true,"messageIndex":1,"phase":"status","playbackMode":"live-get/run-8","positionMillis":32000,"timestamp":"2026-06-05T20:22:11.454Z"}
 INFO  [voice-playback-diagnostics] {"attemptId":"expo-av-live-get-1780690886132-gtxwzr","didJustFinish":false,"engine":"expo-av-live-get","isBuffering":false,"isLoaded":true,"messageIndex":1,"phase":"status","playbackMode":"live-get/run-8","positionMillis":33000,"timestamp":"2026-06-05T20:22:12.454Z"}
 INFO  [voice-playback-diagnostics] {"attemptId":"expo-av-live-get-1780690886132-gtxwzr","didJustFinish":false,"engine":"expo-av-live-get","isBuffering":false,"isLoaded":true,"messageIndex":1,"phase":"status","playbackMode":"live-get/run-8","positionMillis":34000,"timestamp":"2026-06-05T20:22:13.454Z"}
 INFO  [voice-playback-diagnostics] {"attemptId":"expo-av-live-get-1780690886132-gtxwzr","didJustFinish":false,"engine":"expo-av-live-get","isBuffering":false,"isLoaded":true,"messageIndex":1,"phase":"status","playbackMode":"live-get/run-8","positionMillis":35000,"timestamp":"2026-06-05T20:22:14.454Z"}
 INFO  [voice-playback-diagnostics] {"attemptId":"expo-av-live-get-1780690886132-gtxwzr","didJustFinish":false,"engine":"expo-av-live-get","isBuffering":false,"isLoaded":true,"messageIndex":1,"phase":"status","playbackMode":"live-get/run-8","positionMillis":36000,"timestamp":"2026-06-05T20:22:15.454Z"}
 INFO  [voice-playback-diagnostics] {"attemptId":"expo-av-live-get-1780690886132-gtxwzr","didJustFinish":false,"engine":"expo-av-live-get","isBuffering":false,"isLoaded":true,"messageIndex":1,"phase":"status","playbackMode":"live-get/run-8","positionMillis":37000,"timestamp":"2026-06-05T20:22:16.453Z"}
 INFO  [voice-playback-diagnostics] {"attemptId":"expo-av-live-get-1780690886132-gtxwzr","didJustFinish":false,"engine":"expo-av-live-get","isBuffering":false,"isLoaded":true,"messageIndex":1,"phase":"status","playbackMode":"live-get/run-8","positionMillis":38000,"timestamp":"2026-06-05T20:22:17.453Z"}
 INFO  [voice-playback-diagnostics] {"attemptId":"expo-av-live-get-1780690886132-gtxwzr","didJustFinish":false,"engine":"expo-av-live-get","isBuffering":false,"isLoaded":true,"messageIndex":1,"phase":"status","playbackMode":"live-get/run-8","positionMillis":39000,"timestamp":"2026-06-05T20:22:18.454Z"}
 INFO  [voice-playback-diagnostics] {"attemptId":"expo-av-live-get-1780690886132-gtxwzr","didJustFinish":false,"engine":"expo-av-live-get","isBuffering":false,"isLoaded":true,"messageIndex":1,"phase":"status","playbackMode":"live-get/run-8","positionMillis":40000,"timestamp":"2026-06-05T20:22:19.454Z"}
 INFO  [voice-playback-diagnostics] {"attemptId":"expo-av-live-get-1780690886132-gtxwzr","didJustFinish":false,"engine":"expo-av-live-get","isBuffering":false,"isLoaded":true,"messageIndex":1,"phase":"status","playbackMode":"live-get/run-8","positionMillis":41000,"timestamp":"2026-06-05T20:22:20.454Z"}
 INFO  [voice-playback-diagnostics] {"attemptId":"expo-av-live-get-1780690886132-gtxwzr","didJustFinish":false,"engine":"expo-av-live-get","isBuffering":false,"isLoaded":true,"messageIndex":1,"phase":"status","playbackMode":"live-get/run-8","positionMillis":42000,"timestamp":"2026-06-05T20:22:21.454Z"}
 INFO  [voice-playback-diagnostics] {"attemptId":"expo-av-live-get-1780690886132-gtxwzr","didJustFinish":false,"engine":"expo-av-live-get","isBuffering":false,"isLoaded":true,"messageIndex":1,"phase":"status","playbackMode":"live-get/run-8","positionMillis":43000,"timestamp":"2026-06-05T20:22:22.454Z"}
 INFO  [voice-playback-diagnostics] {"attemptId":"expo-av-live-get-1780690886132-gtxwzr","didJustFinish":false,"engine":"expo-av-live-get","isBuffering":false,"isLoaded":true,"messageIndex":1,"phase":"status","playbackMode":"live-get/run-8","positionMillis":44000,"timestamp":"2026-06-05T20:22:23.454Z"}
 INFO  [voice-playback-diagnostics] {"attemptId":"expo-av-live-get-1780690886132-gtxwzr","didJustFinish":false,"engine":"expo-av-live-get","isBuffering":false,"isLoaded":true,"messageIndex":1,"phase":"status","playbackMode":"live-get/run-8","positionMillis":45000,"timestamp":"2026-06-05T20:22:24.454Z"}
 INFO  [voice-playback-diagnostics] {"attemptId":"expo-av-live-get-1780690886132-gtxwzr","didJustFinish":false,"engine":"expo-av-live-get","isBuffering":false,"isLoaded":true,"messageIndex":1,"phase":"status","playbackMode":"live-get/run-8","positionMillis":46000,"timestamp":"2026-06-05T20:22:25.454Z"}
 INFO  [voice-playback-diagnostics] {"attemptId":"expo-av-live-get-1780690886132-gtxwzr","didJustFinish":false,"engine":"expo-av-live-get","isBuffering":false,"isLoaded":true,"messageIndex":1,"phase":"status","playbackMode":"live-get/run-8","positionMillis":47000,"timestamp":"2026-06-05T20:22:26.454Z"}
 INFO  [voice-playback-diagnostics] {"attemptId":"expo-av-live-get-1780690886132-gtxwzr","didJustFinish":false,"engine":"expo-av-live-get","isBuffering":false,"isLoaded":true,"messageIndex":1,"phase":"status","playbackMode":"live-get/run-8","positionMillis":48000,"timestamp":"2026-06-05T20:22:27.454Z"}
 INFO  [voice-playback-diagnostics] {"attemptId":"expo-av-live-get-1780690886132-gtxwzr","didJustFinish":false,"engine":"expo-av-live-get","isBuffering":false,"isLoaded":true,"messageIndex":1,"phase":"status","playbackMode":"live-get/run-8","positionMillis":49000,"timestamp":"2026-06-05T20:22:28.454Z"}
 INFO  [voice-playback-diagnostics] {"attemptId":"expo-av-live-get-1780690886132-gtxwzr","didJustFinish":false,"engine":"expo-av-live-get","isBuffering":false,"isLoaded":true,"messageIndex":1,"phase":"status","playbackMode":"live-get/run-8","positionMillis":50000,"timestamp":"2026-06-05T20:22:29.454Z"}
 INFO  [voice-playback-diagnostics] {"attemptId":"expo-av-live-get-1780690886132-gtxwzr","didJustFinish":false,"engine":"expo-av-live-get","isBuffering":false,"isLoaded":true,"messageIndex":1,"phase":"status","playbackMode":"live-get/run-8","positionMillis":51000,"timestamp":"2026-06-05T20:22:30.454Z"}
 INFO  [voice-playback-diagnostics] {"attemptId":"expo-av-live-get-1780690886132-gtxwzr","didJustFinish":false,"engine":"expo-av-live-get","isBuffering":false,"isLoaded":true,"messageIndex":1,"phase":"status","playbackMode":"live-get/run-8","positionMillis":52000,"timestamp":"2026-06-05T20:22:31.454Z"}
 INFO  [voice-playback-diagnostics] {"attemptId":"expo-av-live-get-1780690886132-gtxwzr","didJustFinish":false,"engine":"expo-av-live-get","isBuffering":false,"isLoaded":true,"messageIndex":1,"phase":"status","playbackMode":"live-get/run-8","positionMillis":53000,"timestamp":"2026-06-05T20:22:32.454Z"}
 INFO  [voice-playback-diagnostics] {"attemptId":"expo-av-live-get-1780690886132-gtxwzr","didJustFinish":false,"engine":"expo-av-live-get","isBuffering":false,"isLoaded":true,"messageIndex":1,"phase":"status","playbackMode":"live-get/run-8","positionMillis":54000,"timestamp":"2026-06-05T20:22:33.454Z"}
 INFO  [voice-playback-diagnostics] {"attemptId":"expo-av-l